step_count,screen_time,calendar_load,step_deviation,screen_deviation,calendar_deviation,fatigue_label
6501,7.2,8,0.094,-0.267,0.017,1
11450,9.04,6,0.239,0.21,0.348,0
4630,0.93,4,-0.245,-0.317,-0.216,0
13455,5.41,5,-0.367,-0.553,-0.246,0
10314,6.0,5,0.222,-0.177,0.416,0
4101,9.22,5,-0.537,-0.224,-0.535,1
9489,4.93,0,0.113,-0.161,-0.445,0
11033,5.32,3,-0.12,-0.454,-0.391,0
9854,3.58,4,-0.613,-0.395,0.183,0
7133,10.26,8,-0.069,0.142,-0.095,1
12164,8.45,4,0.06,0.433,0.174,0
10675,0.5,5,-0.155,0.527,0.464,0
6098,9.61,9,0.022,0.742,-0.009,1
5356,7.6,2,0.026,0.423,0.006,0
914,6.1,1,0.26,0.209,0.441,1
8722,8.27,1,0.241,0.591,-0.207,0
11399,3.35,1,0.089,0.215,0.274,0
3114,6.3,1,-0.447,-0.279,-0.225,1
7564,8.46,0,0.106,-0.353,0.189,0
4131,1.85,6,-0.176,-0.095,-0.666,0
8839,7.46,4,-0.458,0.363,-0.2,0
4639,11.94,1,0.223,0.169,0.117,1
6846,6.13,4,-0.016,0.453,-0.394,0
9064,7.47,6,0.335,-0.028,-0.561,0
5783,2.03,1,-0.373,-0.143,-0.179,0
0,7.1,10,0.182,-0.061,-0.016,1
4737,5.27,3,-0.252,0.505,-0.446,0
8154,4.7,9,0.102,-0.108,-0.074,0
6119,1.57,1,-0.535,-0.277,0.028,0
6900,0.5,3,0.169,-0.049,-0.19,0
4763,3.38,2,0.052,0.692,-0.223,0
5045,4.84,1,0.329,-0.711,-0.159,0
8454,4.12,1,0.132,0.272,0.063,0
3596,6.37,2,0.224,0.445,-0.782,1
6333,0.5,11,-0.14,0.224,-0.011,0
3590,2.23,8,0.287,0.583,0.017,1
6863,4.2,3,-0.313,0.025,-0.237,0
7325,5.51,4,0.503,-0.011,0.227,0
12154,8.92,7,-0.092,0.069,-0.395,0
7496,5.82,4,0.308,-0.362,0.49,0
8705,4.79,3,0.144,0.456,0.03,0
6432,5.05,9,-0.111,-0.009,0.439,1
6441,8.41,1,-0.062,0.445,-0.203,0
5546,5.77,1,-0.124,0.034,0.014,0
9841,9.62,1,0.033,0.202,0.455,0
8155,5.87,5,0.202,-0.278,0.058,0
10377,4.38,4,-0.073,-0.694,0.006,0
6905,3.46,0,-0.264,0.229,0.592,0
10147,0.97,6,-0.199,-0.175,-0.139,0
8118,7.88,3,-0.024,0.139,0.17,0
9528,1.15,4,-0.32,-0.015,-0.068,0
5859,2.6,0,-0.628,-0.039,-0.129,0
3972,8.97,1,0.425,0.487,-0.585,1
6277,3.8,0,-0.433,0.232,0.606,0
8708,5.97,3,0.505,0.644,-0.176,0
0,0.5,7,-0.014,0.055,-0.537,1
3740,4.11,4,-0.12,-0.311,-0.235,0
9624,5.73,5,-0.27,-0.886,-0.157,0
3400,6.05,13,0.209,0.821,0.171,1
4110,6.04,9,0.549,-0.173,0.076,1
1712,7.47,8,0.012,-0.2,0.108,1
7252,5.24,4,-0.052,0.299,0.221,0
3050,1.97,3,0.221,0.044,-0.193,0
6784,4.01,6,0.1,-0.095,0.069,0
9945,3.29,5,-0.021,0.128,-0.196,0
6331,8.32,1,-0.399,-0.387,-0.351,0
7785,0.78,3,0.185,0.125,-0.116,0
6572,5.32,3,-0.063,0.671,0.243,0
13441,3.51,3,-0.4,-0.243,0.571,0
4433,10.76,0,-0.316,-0.102,-0.019,1
8769,6.35,2,-0.04,-0.096,-0.274,0
3336,8.08,0,0.485,-0.103,-0.232,1
8219,9.46,7,0.151,0.326,-0.515,1
4434,2.27,7,-0.115,0.254,0.161,0
3413,3.24,7,-0.233,0.037,-0.235,1
5058,4.86,1,-0.288,0.086,-0.253,0
3568,2.18,3,0.283,0.452,-0.218,0
12450,1.99,7,-0.217,-0.261,-0.223,0
5842,6.74,6,-0.283,-0.297,-0.275,1
5665,4.37,1,0.081,0.679,-0.151,0
4699,6.68,2,0.201,-0.216,0.55,0
7034,3.14,2,-0.154,0.412,-0.381,0
3996,3.32,3,-0.081,-0.447,-0.12,0
5701,3.12,6,0.276,-0.024,0.069,0
0,3.74,7,-0.127,-0.221,0.683,1
11457,6.4,7,-0.668,-0.236,-0.141,0
5292,3.53,0,0.116,0.163,0.481,0
3635,2.39,0,-0.088,0.27,-0.184,0
12430,4.23,4,-0.409,0.086,-0.594,0
8081,7.17,8,-0.306,0.048,0.169,1
7326,2.4,0,0.104,-0.046,-0.17,0
8291,4.87,0,-0.579,-0.339,0.718,0
8168,5.57,3,-0.074,0.35,-0.147,0
7730,3.95,9,0.223,0.374,-0.175,0
9174,4.06,4,0.491,-0.313,0.061,0
7314,6.56,2,0.626,-0.388,0.438,0
9645,10.7,0,-0.261,0.448,-0.563,0
1180,3.54,4,0.478,-0.056,-0.182,1
6934,6.41,5,-0.053,-0.587,-0.275,0
10260,5.56,3,0.335,-0.339,-0.068,0
6413,3.68,4,-0.056,-0.42,0.054,0
2014,5.5,8,-0.084,-0.351,-0.038,1
3504,6.78,3,0.513,0.349,-0.046,1
8146,3.82,4,-0.108,0.23,0.43,0
8395,7.77,6,0.165,-0.342,0.51,0
11413,4.3,2,0.184,0.165,-0.061,0
2249,5.92,5,0.218,0.105,-0.081,1
8982,5.2,2,-0.054,-0.524,-0.055,0
8065,6.02,8,-0.079,0.146,0.238,0
13028,5.43,0,0.254,0.56,-0.097,0
8523,8.69,7,0.038,-0.21,-0.024,1
7375,7.72,5,-0.114,0.167,0.258,0
7138,2.49,3,0.284,-0.415,-0.628,0
10524,6.53,5,-0.323,0.221,0.083,0
1247,9.27,4,-0.119,-0.113,-0.605,1
7780,5.79,3,0.384,-0.415,-0.179,0
3449,4.16,4,0.129,-0.104,-0.263,0
11058,12.23,4,-0.227,0.443,-0.434,1
4995,2.91,0,-0.084,-0.259,0.004,0
6081,3.14,2,-0.069,0.243,-0.045,0
8474,6.76,5,0.416,-0.336,-0.142,0
11289,4.23,0,-0.061,0.04,-0.785,0
10001,2.86,4,-0.068,-0.387,-0.321,0
3194,8.26,3,-0.157,-0.28,0.359,1
10392,8.55,5,0.087,-0.365,-0.074,0
3948,0.5,7,-0.209,0.359,0.265,0
7670,6.84,2,0.557,0.013,0.091,0
4052,2.21,5,0.065,-0.237,-0.432,0
2190,8.59,2,-0.102,0.435,-0.337,1
3819,2.69,8,0.598,0.225,0.235,1
4258,10.84,4,0.256,-0.032,-0.08,1
10989,6.62,8,0.077,-0.255,-0.175,0
6308,3.12,0,0.36,-0.163,0.041,0
6888,3.24,8,-0.335,0.078,0.074,0
5837,1.11,6,0.223,-0.203,0.212,0
7124,1.16,1,0.341,0.093,-0.169,0
3424,3.45,2,-0.254,-0.523,0.342,0
8911,1.18,4,-0.271,-0.078,-0.103,0
4716,11.01,2,-0.242,-0.229,0.313,1
1043,2.71,8,0.073,0.058,0.64,1
6739,2.88,3,-0.341,0.377,0.172,0
9373,8.64,2,-0.283,-0.016,-0.262,0
6494,8.4,3,0.045,-0.028,0.241,0
3996,0.5,5,0.296,0.134,-0.192,0
2594,6.48,4,-0.038,0.547,-0.284,1
11325,5.1,0,-0.054,0.288,-0.11,0
1575,4.51,1,0.148,0.232,-0.317,0
3882,7.27,1,-0.325,-0.354,0.106,1
6927,2.95,4,0.458,-0.292,-0.586,0
7365,4.67,1,0.196,0.252,-0.662,0
4042,11.95,5,0.203,0.352,0.005,1
8390,7.15,5,-0.097,0.052,-0.177,0
6038,1.49,1,-0.085,-0.283,-0.152,0
5508,6.21,6,-0.139,0.401,0.282,1
7512,5.46,4,0.356,0.367,0.4,0
6123,6.66,8,-0.187,-0.096,0.005,1
8698,7.75,3,-0.453,0.074,-0.275,0
1530,1.21,4,0.408,0.012,0.063,0
9548,0.5,5,-0.003,0.17,-0.145,0
3546,5.42,8,0.258,-0.152,-0.402,1
953,8.95,1,-0.098,0.396,-0.484,1
10476,4.24,0,-0.074,-0.217,0.132,0
4055,0.5,3,-0.407,0.061,-0.356,0
4535,5.55,3,0.075,0.204,-0.347,0
5806,0.5,4,-0.09,-0.295,0.095,0
9518,3.57,1,0.05,-0.401,-0.198,0
9667,5.19,0,-0.539,0.049,0.259,0
1147,6.35,7,0.566,0.099,0.152,1
0,11.3,2,-0.28,-0.077,0.454,1
12624,5.38,6,0.013,-0.311,0.443,0
4133,9.61,7,0.184,0.549,0.67,1
5474,2.57,0,0.673,-0.132,0.341,0
3776,9.61,1,-0.358,-0.063,-0.16,1
7788,4.85,5,-0.087,-0.2,-0.175,0
12134,5.68,0,-0.156,0.029,0.554,0
9086,2.23,11,-0.009,0.374,-0.347,0
0,0.77,0,0.634,0.064,-0.277,0
7357,5.57,5,0.363,-0.087,-0.264,0
8483,7.41,4,0.653,-0.131,-0.27,0
7254,2.98,5,-0.25,-0.12,0.567,0
4783,2.6,7,-0.315,-0.208,0.173,0
8815,8.66,1,0.179,-0.14,-0.182,0
9609,3.35,4,0.047,-0.321,0.29,0
7680,0.5,4,-0.232,0.329,-0.434,0
4930,6.09,4,0.229,-0.456,0.496,1
7575,9.08,6,-0.003,-0.385,-0.169,1
10768,9.16,2,-0.845,-0.064,-0.086,0
5250,6.59,6,0.297,0.134,-0.54,1
4976,11.91,5,0.11,0.108,0.125,1
0,4.28,3,0.384,0.014,-0.494,1
7290,2.59,0,-0.25,0.163,0.378,0
7448,6.9,5,0.03,0.209,-0.726,0
6333,1.87,7,-0.044,0.009,-0.452,0
9050,6.88,5,-0.244,-0.232,0.067,0
3916,6.3,0,-0.146,0.539,0.132,0
6500,10.96,0,-0.245,-0.12,0.258,1
8626,2.4,6,-0.121,0.363,-0.31,0
5630,3.53,7,-0.157,-0.013,0.152,0
7635,7.66,4,-0.125,-0.105,0.008,0
6748,4.56,4,-0.455,0.2,0.054,0
9005,5.0,0,-0.108,-0.06,0.223,0
0,5.12,5,-0.198,0.022,-0.188,1
3811,3.77,1,0.205,-0.22,-0.271,0
11303,7.88,0,-0.229,0.073,0.097,0
1528,8.48,6,0.145,0.407,0.136,1
7345,9.67,7,-0.252,0.19,-0.199,1
7512,6.43,0,-0.037,0.08,-0.131,0
6944,7.42,3,0.067,0.415,0.142,0
6602,2.13,6,0.099,0.385,0.014,0
551,0.5,6,-0.171,0.131,0.034,0
5499,4.71,1,-0.005,-0.175,-0.112,0
5029,4.32,6,-0.039,0.307,0.461,0
8564,6.6,4,0.26,0.027,0.295,0
7842,3.92,6,0.027,-0.032,-0.143,0
6498,7.99,6,0.106,0.18,0.382,1
5550,1.65,7,-0.159,-0.207,-0.539,0
7713,0.5,1,0.176,0.217,-0.196,0
5597,2.38,2,0.08,-0.15,-0.073,0
1605,8.4,5,0.238,0.387,-0.248,1
4924,0.5,13,-0.045,0.312,-0.371,0
8989,10.57,3,-0.303,-0.042,-0.668,0
5886,7.46,3,-0.085,0.158,0.181,0
1020,5.27,11,-0.401,-0.026,0.583,1
9312,3.46,4,-0.001,-0.224,-0.022,0
5160,5.34,1,-0.383,-0.012,0.515,0
6246,4.01,6,-0.047,0.56,-0.001,0
8101,2.74,5,0.083,-0.017,-0.151,0
4085,5.85,5,-0.038,0.086,-0.011,1
6295,4.4,4,0.809,0.093,0.194,0
7314,4.21,7,-0.087,0.317,-0.1,0
3120,6.1,0,0.161,-0.358,-0.096,0
1704,13.47,0,0.003,0.343,0.311,1
8554,4.05,8,0.274,0.064,0.072,0
5088,2.27,7,0.394,-0.265,-0.046,0
5569,4.9,4,0.284,-0.224,-0.254,0
9709,3.61,0,-0.146,-0.099,0.466,0
8774,8.44,6,0.284,-0.206,-0.06,0
3030,4.37,6,0.04,0.393,-0.342,1
7500,1.26,4,0.222,-0.064,0.165,0
3120,0.5,5,0.523,-0.299,0.367,0
6130,0.99,0,0.005,-0.121,-0.394,0
917,2.46,4,-0.002,-0.15,0.061,0
9120,6.18,3,0.278,-0.288,-0.067,0
5396,1.29,2,-0.622,0.574,-0.281,0
10758,5.11,5,-0.147,0.062,0.195,0
7993,7.32,2,-0.144,-0.478,0.157,0
9247,9.85,4,-0.23,-0.509,0.313,0
611,3.98,3,-0.021,0.011,0.041,1
0,5.04,0,0.22,-0.167,-0.647,1
3557,3.29,7,0.059,0.103,0.354,1
5711,7.26,6,-0.386,0.442,-0.426,1
8752,0.5,5,0.559,-0.064,-0.077,0
7831,4.01,9,0.058,-0.096,-0.162,0
3201,3.12,2,-0.146,-0.197,0.63,0
2909,5.44,5,0.189,-0.018,-0.072,1
7354,5.8,3,-0.469,-0.14,-0.344,0
3998,5.1,5,0.534,-0.161,0.232,1
6917,8.89,5,-0.303,-0.517,0.093,1
4414,2.06,0,0.048,0.452,-0.123,0
7770,4.69,0,0.22,-0.328,0.006,0
4975,7.68,0,0.117,-0.252,-0.153,0
0,11.28,5,-0.23,-0.337,-0.149,1
8150,0.5,3,0.531,-0.34,0.024,0
12609,6.9,4,0.152,-0.12,0.39,0
4802,0.5,2,-0.29,-0.084,-0.078,0
9592,7.09,4,-0.001,-0.318,-0.654,0
6339,7.38,3,-0.16,0.139,-0.025,0
11057,8.7,6,0.227,-0.387,0.199,0
7128,6.82,5,0.136,0.81,-0.023,0
8809,3.59,6,0.282,0.109,0.501,0
3347,3.54,4,0.264,0.054,0.386,0
4014,1.58,4,-0.023,0.163,-0.008,0
4979,4.78,4,-0.091,-0.061,-0.121,0
8569,5.58,10,0.048,-0.165,0.801,1
7240,7.97,5,0.187,0.161,-0.331,0
7102,1.03,3,-0.218,0.107,0.1,0
7443,5.86,2,-0.078,0.276,0.32,0
2559,0.5,1,0.314,0.364,-0.277,0
6921,10.5,5,0.426,0.3,-0.273,1
5430,5.1,4,0.275,0.123,-0.881,0
2061,0.5,4,0.072,0.085,-0.288,0
8022,7.15,0,-0.44,-0.0,0.538,0
11099,6.69,1,0.266,-0.136,-0.23,0
0,5.31,2,0.029,-0.69,0.051,1
0,8.26,5,-0.084,0.169,-0.293,1
6217,7.38,0,-0.134,-0.007,-0.059,0
10371,1.63,2,-0.575,0.453,-0.074,0
4684,4.84,5,0.104,0.794,0.136,1
4604,3.32,2,-0.451,0.012,0.235,0
4159,2.58,8,-0.428,-0.62,-0.346,1
1378,6.16,2,-0.066,0.346,-0.207,1
8325,9.53,2,0.221,-0.073,0.277,0
1285,0.5,2,-0.267,-0.155,-0.066,0
8160,3.78,1,-0.105,-0.231,-0.28,0
1160,5.21,2,0.29,-0.434,-0.163,1
11438,2.18,3,-0.365,-0.405,0.464,0
6513,5.4,0,0.108,0.347,0.345,0
8004,1.61,4,0.2,-0.538,-0.336,0
8664,7.63,0,0.239,0.029,0.234,0
4096,6.94,6,-0.105,0.005,-0.195,1
10954,4.64,1,-0.215,0.038,0.226,0
1992,10.54,4,0.14,-0.029,0.006,1
5555,8.05,3,0.23,-0.13,0.059,0
3588,8.65,1,-0.097,-0.094,-0.106,1
8167,4.05,8,-0.246,0.051,-0.233,0
7262,4.95,3,0.357,-0.196,0.176,0
3693,5.34,0,-0.199,-0.025,0.544,0
6302,9.96,4,-0.116,0.462,0.131,1
4071,6.41,3,-0.597,0.281,0.328,1
11513,6.27,3,0.25,0.255,0.491,0
5866,4.5,1,0.161,-0.464,0.233,0
7763,6.76,4,0.46,0.262,-0.182,0
4232,2.36,5,-0.3,0.325,0.397,0
3362,4.44,4,0.265,0.483,-0.506,1
5045,4.2,0,-0.146,0.128,-0.084,0
1366,13.62,4,0.034,-0.329,0.078,1
5507,0.5,0,0.238,0.583,0.11,0
9309,4.53,3,0.327,0.499,0.39,0
2800,4.8,4,-0.078,0.116,0.246,1
9008,10.06,3,-0.409,0.107,0.565,0
4569,7.06,6,0.057,0.002,-0.277,1
0,1.66,2,0.329,-0.031,-0.156,0
3327,6.97,8,0.319,0.182,-0.443,1
4944,10.84,7,-0.461,-0.017,0.109,1
3713,0.5,4,-0.236,-0.235,-0.106,0
5598,4.97,1,-0.066,-0.527,0.093,0
0,4.13,6,-0.318,0.215,0.347,1
0,4.55,0,-0.035,-0.002,-0.745,1
11774,5.86,1,0.44,-0.539,-0.369,0
0,10.4,4,0.198,0.09,0.172,1
6234,5.81,4,-0.183,-0.014,0.082,0
6331,0.57,0,0.325,-0.092,0.175,0
2723,0.58,1,-0.067,-0.2,0.388,0
6538,10.55,5,-0.724,0.317,-0.453,1
6691,2.68,10,0.432,-0.223,-0.038,0
6733,7.59,4,-0.307,-0.215,-0.001,0
9703,6.28,1,0.195,-0.116,0.267,0
13581,3.92,6,-0.224,-0.034,0.009,0
5418,12.39,3,0.176,-0.579,0.13,1
9426,3.42,0,-0.012,0.005,0.217,0
12032,3.86,1,-0.35,0.059,0.144,0
4363,7.34,5,0.013,-0.271,-0.145,1
0,5.71,4,0.057,0.151,0.116,1
5668,5.15,0,-0.175,0.015,-0.221,0
8580,3.02,4,0.035,0.224,0.27,0
8082,0.5,7,0.458,-0.145,0.071,0
3327,0.5,1,-0.162,-0.106,-0.288,0
3799,4.97,1,0.163,0.204,0.714,0
9377,5.73,2,0.088,0.098,-0.154,0
8351,0.81,3,0.167,-0.086,-0.062,0
5586,2.49,7,-0.305,0.095,0.124,0
3154,5.22,1,0.417,-0.342,-0.196,0
2327,0.93,8,0.163,0.042,-0.197,0
8722,2.53,6,-0.262,-0.193,0.227,0
8591,6.79,0,-0.134,0.047,-0.255,0
10112,0.5,1,-0.153,-0.853,-0.419,0
7875,5.09,8,0.464,0.13,0.094,0
6197,0.5,0,0.03,0.185,0.087,0
3322,7.81,8,0.281,0.297,-0.168,1
9227,5.44,5,0.11,-0.036,-0.258,0
5753,7.96,2,0.268,0.221,-0.09,0
10166,3.93,8,0.13,-0.005,-0.266,0
5735,4.39,0,-0.065,-0.241,0.176,0
9918,1.32,9,-0.039,-0.293,0.227,0
4660,4.75,2,-0.245,0.217,-0.086,0
1690,6.65,0,-0.346,0.358,-0.359,1
0,6.87,3,-0.065,-0.094,0.07,1
3741,9.43,0,0.133,0.193,-0.228,1
2928,8.05,1,-0.182,0.266,0.01,1
608,10.24,2,-0.121,0.077,0.188,1
11883,0.5,6,0.223,-0.041,0.236,0
8802,0.85,9,-0.468,-0.341,-0.079,0
11774,4.08,3,0.43,-0.09,-0.354,0
4748,9.11,4,0.579,0.221,-0.193,1
6153,2.44,1,1.344,0.306,0.258,0
4130,9.71,7,0.564,0.55,-0.444,1
2670,1.99,1,0.097,-0.17,0.622,0
11714,4.98,9,0.446,-0.135,-0.603,0
5346,3.07,4,0.027,0.019,0.157,0
2362,6.23,2,0.06,0.287,-0.367,1
5156,4.64,2,0.27,-0.216,-0.167,0
3870,8.28,2,0.138,0.593,-0.022,1
9336,10.01,7,-0.005,0.193,-0.386,1
3659,3.19,10,-0.244,-0.248,-0.313,1
7679,5.43,7,0.201,-0.414,-0.242,0
10095,4.39,7,-0.045,-0.29,-0.091,0
3095,3.3,4,0.153,-0.477,-0.005,0
4240,3.05,4,-0.165,0.415,0.356,0
9545,3.52,1,0.025,-0.045,-0.183,0
2472,4.88,2,0.207,0.2,0.33,0
2222,6.2,1,-0.366,-0.129,0.321,1
4883,9.7,5,-0.118,0.348,0.134,1
3202,10.58,4,0.006,-0.257,0.354,1
7551,6.89,2,0.25,0.274,-0.201,0
1749,6.74,0,0.046,-0.134,0.366,1
4821,8.32,2,0.3,0.618,-0.32,1
6876,13.25,4,0.019,0.237,0.012,1
878,8.4,0,-0.125,0.362,-0.107,1
3918,7.64,1,-0.367,0.082,-0.055,1
2268,6.91,5,-0.108,-0.087,0.141,1
9571,4.15,5,0.17,0.264,0.012,0
3263,3.61,5,0.546,-0.145,0.241,1
5015,5.33,8,0.229,-0.372,-0.172,1
9768,5.43,0,-0.246,0.211,0.298,0
6053,12.43,6,-0.073,-0.245,-0.292,1
7006,3.53,9,0.44,0.19,-0.354,0
3983,8.77,2,0.337,0.142,0.016,1
3891,4.72,4,0.31,-0.266,-0.079,0
6134,6.99,1,-0.395,0.202,-0.455,0
9854,4.53,0,-0.144,0.114,-0.16,0
6060,7.22,3,-0.281,-0.09,0.424,0
11055,0.5,7,0.075,0.277,-0.165,0
695,6.75,1,-0.416,-0.396,0.18,1
6418,7.35,6,-0.126,-0.021,-0.153,1
5369,2.1,5,0.323,-0.245,0.384,0
6340,5.72,0,-0.542,0.043,0.237,0
3985,10.01,6,-0.273,0.009,0.743,1
2272,6.58,3,0.212,0.38,-0.116,1
9356,11.66,4,0.235,-0.177,0.006,1
5469,7.39,7,-0.033,0.46,0.459,1
8540,3.45,2,-0.244,0.285,-0.364,0
8030,1.76,6,0.005,0.4,0.342,0
10305,9.38,4,-0.348,-0.316,-0.626,0
2749,5.21,2,-0.054,0.148,-0.091,0
2634,4.84,1,-0.081,0.403,-0.081,0
11312,9.29,2,-0.333,-0.016,0.346,0
4529,7.72,7,-0.232,-0.203,0.214,1
6455,2.94,2,-0.021,-0.469,0.23,0
4563,0.5,3,-0.222,0.507,-0.176,0
2707,6.52,2,-0.234,0.153,-0.312,1
1628,10.18,5,-0.079,-0.001,0.152,1
8920,2.73,5,-0.152,-0.057,0.048,0
5979,7.21,5,-0.452,-0.407,-0.111,1
11485,2.45,3,-0.161,-0.166,0.053,0
10202,6.37,1,0.826,0.024,-0.173,0
10236,3.59,8,-0.261,0.429,0.06,0
9873,10.71,0,0.383,-0.423,-0.314,0
3589,6.51,4,-0.05,0.044,0.177,1
8004,8.28,9,-0.006,-0.156,0.184,1
2567,2.96,6,-0.037,-0.362,-0.447,1
6146,8.43,7,0.033,0.603,-0.031,1
5584,0.5,2,0.256,0.469,-0.249,0
7386,8.14,4,-0.685,0.074,0.228,0
3157,4.24,0,-0.771,0.308,-0.001,0
10793,7.57,2,-0.025,0.17,0.29,0
6968,8.32,3,-0.299,-0.019,0.062,0
2395,0.99,5,-0.122,-0.05,-0.108,0
10561,8.79,0,-0.16,0.255,0.181,0
5875,1.59,1,-0.155,0.083,0.511,0
3939,1.92,3,0.31,-0.434,0.436,0
5483,2.8,0,0.212,-0.051,0.051,0
3297,4.04,2,-0.03,-0.201,-0.46,0
14185,0.91,4,-0.532,-0.599,0.029,0
6523,8.78,5,-0.045,-0.285,0.45,1
8786,1.26,4,0.043,-0.104,0.232,0
8495,4.43,3,0.45,0.28,0.022,0
1112,6.03,6,-0.826,0.076,-0.125,1
5337,2.28,3,0.418,-0.134,0.29,0
3581,7.28,4,0.106,0.002,0.192,1
0,0.74,5,-0.613,-0.159,-0.016,1
3515,2.93,4,0.303,-0.288,-0.173,0
3806,0.5,4,0.28,0.305,-0.261,0
2244,5.06,6,0.046,0.087,0.343,1
3782,4.34,8,-0.059,-0.38,-0.201,1
3185,6.07,1,0.081,-0.221,-0.637,0
6919,5.45,5,-0.202,-0.234,0.12,0
10557,5.03,5,-0.096,-0.463,0.29,0
8725,7.13,3,0.179,0.268,0.486,0
8965,5.19,0,0.047,0.077,0.213,0
10061,4.71,10,-0.528,0.126,-0.24,0
278,4.39,0,-0.048,0.01,0.336,0
1477,7.73,4,0.309,-0.13,-0.4,1
2347,1.12,5,0.443,-0.169,0.189,0
1429,5.54,6,-0.434,-0.061,0.215,1
0,9.01,5,0.215,-0.124,-0.517,1
7602,4.75,4,0.326,0.229,0.576,0
6461,2.93,3,0.125,0.305,-0.44,0
6025,9.83,3,0.279,0.148,0.287,1
3570,2.58,4,-0.46,-0.081,0.076,0
11353,6.21,5,0.349,-0.289,-0.05,0
13276,4.76,7,0.289,-0.443,0.093,0
6440,5.99,1,-0.335,-0.143,-0.029,0
9554,10.45,8,0.258,-0.301,-0.123,1
6629,3.1,5,0.216,0.161,0.308,0
3286,7.8,1,-0.282,0.16,0.365,1
7464,5.06,4,0.041,-0.338,-0.373,0
5763,5.24,4,0.203,-0.065,0.169,0
5566,10.47,4,0.702,0.106,-0.064,1
3301,0.67,1,-0.264,0.118,-0.158,0
6560,8.85,3,0.624,-0.353,-0.045,1
4382,7.81,0,-0.433,-0.032,0.465,0
6677,0.95,0,0.502,-0.186,-0.283,0
10432,8.03,7,-0.285,-0.458,0.04,0
7005,6.09,8,-0.52,0.258,-0.329,1
8567,3.58,1,-0.183,-0.434,0.012,0
3681,7.36,5,0.506,0.11,0.156,1
10200,3.12,0,0.06,-0.427,0.736,0
10366,11.49,4,0.165,-0.138,0.265,0
2353,0.5,1,-0.437,0.443,0.545,0
1791,8.88,6,-0.471,-0.117,-0.174,1
8243,1.31,3,-0.206,0.142,-0.065,0
4394,4.36,10,-0.125,-0.312,0.175,1
5569,0.75,10,-0.106,-0.113,0.048,0
11190,0.5,4,0.626,0.039,-0.371,0
4144,5.62,7,-0.102,0.248,-0.431,1
1668,3.55,8,0.021,0.087,0.083,1
9327,3.17,6,-0.249,0.595,-0.24,0
3352,6.65,4,0.098,0.068,-0.327,1
10840,7.68,8,-0.158,0.125,0.059,0
9384,8.48,4,-0.455,0.534,0.167,0
4174,6.22,0,0.317,-0.441,-0.066,0
6733,8.12,4,0.19,-0.008,-0.01,0
6256,4.43,0,-0.23,0.073,-0.075,0
5532,4.03,1,-0.148,-0.092,0.002,0
7180,4.46,0,-0.419,0.779,-0.339,0
4444,6.55,5,0.156,-0.133,0.072,1
6184,4.06,4,0.317,-0.007,-0.005,0
9204,7.88,8,-0.527,0.272,0.18,1
3343,5.75,7,-0.249,0.133,0.261,1
2786,4.57,4,-0.239,-0.264,-0.041,1
8404,6.93,1,0.196,-0.251,-0.483,0
4898,8.37,5,-0.0,-0.125,-0.117,1
6326,1.79,2,-0.065,-0.405,-0.252,0
7231,5.03,3,-0.273,0.473,-0.251,0
6754,3.54,4,0.137,-0.411,-0.002,0
9572,10.28,3,0.013,0.663,0.34,0
4148,3.14,6,-0.303,0.326,0.1,0
7553,4.23,2,0.439,-0.074,-0.123,0
5759,5.58,0,-0.169,-0.185,0.254,0
3342,0.5,0,-0.441,0.408,0.005,0
7503,6.61,4,-0.022,0.313,0.044,0
10197,6.86,2,-0.149,-0.218,0.365,0
4784,2.6,4,-0.029,0.088,0.567,0
8739,5.08,0,-0.15,0.213,-0.351,0
12422,5.04,4,-0.2,0.149,-0.347,0
12494,8.95,6,-0.417,0.062,0.363,0
7779,1.99,2,-0.136,-0.181,0.459,0
236,6.97,0,-0.288,-0.603,-0.165,1
10532,5.79,0,0.305,0.369,0.031,0
12104,7.46,6,-0.241,0.188,0.065,0
7559,2.95,4,-0.245,-0.644,0.299,0
1492,5.32,4,0.098,-0.085,0.081,1
7412,7.2,9,0.07,0.019,-0.272,1
7307,7.0,3,0.163,-0.088,0.201,0
8737,7.7,4,-0.312,-0.184,0.179,0
13346,3.98,5,-0.167,-0.292,-0.203,0
0,9.06,0,-0.079,-0.353,-0.265,1
10129,5.6,1,-0.177,-0.23,-0.013,0
6518,10.69,0,-0.01,-0.095,0.284,0
7064,6.77,5,-0.28,0.363,0.24,0
8746,8.79,5,0.444,0.113,-0.066,0
5980,4.93,2,0.49,0.089,0.028,0
7164,13.94,0,-0.254,-0.414,-0.07,1
6736,3.6,2,0.043,-0.151,0.093,0
9342,7.03,6,0.326,0.085,-0.048,0
3683,3.83,2,0.22,0.104,0.209,0
2518,9.3,2,-0.33,-0.132,0.745,1
4836,4.02,3,-0.045,-0.234,0.043,0
9226,5.94,0,-0.103,-0.165,0.016,0
9991,4.55,3,0.533,0.263,0.172,0
11874,6.47,0,0.25,-0.478,0.136,0
858,3.6,2,-0.231,-0.105,0.31,1
3858,6.64,1,-0.057,0.097,-0.299,0
2064,6.48,7,-0.024,-0.137,0.047,1
6166,5.73,0,-0.321,-0.254,0.045,0
6557,6.91,4,-0.39,0.434,0.382,0
2225,6.0,2,0.042,0.316,0.639,1
8253,5.88,2,0.055,0.408,-0.013,0
3341,0.5,5,0.074,-0.194,0.308,0
4734,4.6,3,-0.105,0.071,0.345,0
2572,6.47,4,0.046,0.262,0.015,1
7440,7.15,2,0.09,-0.075,-0.04,0
5033,6.41,4,0.118,-0.005,-0.481,0
6094,5.19,4,-0.178,-0.359,0.187,0
5179,5.51,3,-0.002,-0.135,-0.29,0
7421,3.19,4,0.123,-0.176,-0.361,0
13278,3.42,5,0.582,0.237,-0.09,0
5798,2.5,6,0.17,-0.154,-0.313,0
2036,7.96,4,0.064,-0.247,-0.439,1
8887,5.13,6,-0.116,-0.071,0.214,0
8197,7.39,3,0.184,0.333,-0.031,0
4459,9.03,2,0.189,-0.018,-0.552,1
9385,0.5,0,0.158,0.158,-0.191,0
6443,0.5,6,0.075,-0.014,0.006,0
7479,4.91,0,0.659,0.36,-0.385,0
4964,4.29,7,-0.648,-0.15,-0.528,1
5144,3.58,4,-0.181,-0.225,0.186,0
7364,6.65,3,-0.172,-0.036,0.15,0
0,6.18,4,0.019,-0.045,-0.77,1
4680,10.37,4,-0.092,0.005,0.106,1
7976,4.31,5,0.503,0.302,0.702,0
4029,10.03,1,0.106,0.22,-0.153,1
6263,7.73,1,0.501,-0.415,0.582,0
9003,4.73,2,-0.152,-0.041,-0.015,0
9765,10.91,4,-0.254,-0.164,-0.055,0
2909,1.46,10,0.091,-0.25,0.245,1
2464,1.71,1,0.496,-0.076,-0.733,0
9630,4.08,0,-0.095,0.156,0.121,0
11395,2.44,4,-0.21,-0.463,0.266,0
7389,5.85,5,-0.206,-0.302,0.011,0
9483,9.82,6,0.009,0.081,0.003,0
2922,5.07,0,-0.037,0.491,0.247,0
3230,4.78,1,-0.019,0.312,0.196,0
13452,8.58,4,0.203,-0.061,-0.338,0
9917,8.03,3,0.082,0.372,0.254,0
1610,5.73,3,0.334,0.309,0.396,1
2646,2.65,7,-0.177,-0.456,0.16,1
4358,10.37,4,0.048,-0.111,0.477,1
7075,3.77,1,-0.022,-0.293,0.309,0
574,4.58,5,0.103,-0.215,0.198,1
3341,4.93,5,0.139,-0.203,0.359,1
6260,7.23,8,0.335,0.336,0.058,1
8381,5.64,0,0.091,0.077,0.175,0
5616,2.72,5,-0.394,0.438,-0.069,0
6736,6.68,5,-0.423,0.247,0.091,0
4094,2.75,2,-0.39,0.517,0.446,0
7355,4.33,3,0.227,0.527,-0.171,0
2647,9.64,0,-0.303,-0.074,-0.468,1
9336,7.57,2,0.384,0.435,-0.034,0
4647,11.78,6,0.077,0.409,0.091,1
4483,5.24,7,-0.598,-0.086,0.415,1
4464,9.64,8,-0.02,-0.171,-0.086,1
13993,10.62,4,-0.182,0.035,0.073,0
2269,5.24,7,-0.54,0.248,0.412,1
4318,10.08,1,0.132,-0.092,-0.092,1
4148,7.1,6,-0.019,-0.408,0.121,1
7266,4.35,9,-0.469,-0.665,-0.219,1
8131,1.83,1,0.285,0.139,0.113,0
8344,3.72,2,0.243,-0.403,-0.643,0
4700,7.79,4,0.257,-0.605,0.095,1
7961,0.95,6,-0.033,0.921,-0.653,0
10107,3.82,0,-0.158,0.083,0.311,0
11165,9.27,1,0.339,0.117,-0.196,0
5364,2.87,4,-0.219,-0.308,0.144,0
7886,4.44,8,-0.078,-0.091,0.198,0
5602,5.25,0,0.005,-0.548,-0.366,0
1994,1.87,2,-0.146,0.199,0.067,0
296,5.25,4,-0.099,-0.018,0.057,1
8293,0.5,3,0.453,0.425,0.255,0
7610,9.96,9,-0.039,-0.291,-0.081,1
15290,0.5,2,-0.424,0.037,-0.361,0
5673,0.5,5,0.367,-0.115,-0.041,0
5509,5.54,3,0.23,0.37,-0.244,0
5072,7.7,0,-0.591,0.068,0.149,0
3833,3.26,1,-0.26,0.208,-0.354,0
5203,2.28,0,0.261,-0.156,0.057,0
1475,2.77,6,0.776,-0.593,-0.06,1
7236,3.15,6,-0.26,0.046,-0.157,0
9658,2.97,2,0.284,-0.308,0.021,0
532,1.74,5,-0.297,-0.163,0.148,1
4262,7.47,4,0.131,0.372,0.096,1
10616,7.73,2,0.388,0.079,-0.118,0
6835,8.34,5,0.547,0.326,0.157,1
2921,4.46,4,0.209,0.191,0.051,0
6361,7.16,1,0.509,-0.614,0.437,0
5864,8.01,5,0.104,0.166,0.243,1
5013,8.1,0,-0.002,0.251,0.299,0
7382,3.82,6,-0.201,0.525,-0.025,0
1381,1.42,4,0.042,0.591,-0.312,0
6118,1.82,2,0.505,-0.341,0.176,0
7178,4.93,5,-0.348,0.497,0.577,0
6141,12.27,2,0.12,0.43,-0.138,1
1855,0.5,10,-0.159,-0.056,-0.334,1
8845,2.66,2,0.09,-0.319,-0.054,0
10206,6.28,4,0.064,-0.117,0.599,0
3563,5.63,4,0.303,0.331,-0.01,1
6871,5.99,0,-0.477,-0.182,-0.168,0
2402,7.25,4,-0.064,-0.377,-0.013,1
0,4.51,4,0.073,-0.469,0.067,1
2875,2.56,6,0.604,0.015,-0.245,1
6566,7.82,5,0.823,-0.215,0.076,1
10646,9.46,0,-0.001,0.445,0.867,0
8111,3.9,0,0.666,0.219,-0.254,0
5390,5.93,5,-0.27,-0.184,-0.496,1
9119,3.98,5,0.427,0.066,-0.034,0
6581,5.19,7,0.093,-0.163,0.314,0
9691,0.99,8,0.109,0.085,0.302,0
4299,7.86,2,-0.442,-0.299,0.17,1
3163,9.83,7,0.4,0.037,0.077,1
2418,7.99,5,0.17,0.506,-0.182,1
5621,5.98,1,-0.056,0.148,-0.098,0
9926,0.5,7,0.198,-0.171,-0.277,0
0,2.61,7,-0.017,0.349,-0.186,1
8121,2.85,1,-0.032,-0.199,-0.463,0
5453,5.32,7,0.281,0.366,0.216,1
6997,1.31,4,0.179,0.437,0.206,0
9721,1.9,3,0.129,0.348,-0.044,0
5752,7.06,0,0.482,-0.264,-0.576,0
6030,10.1,5,0.225,0.012,-0.046,1
1365,0.5,4,0.394,0.103,0.187,0
10751,5.99,3,-0.246,0.607,0.158,0
3169,1.49,7,-0.311,0.556,-0.827,1
10267,6.46,4,-0.053,0.567,0.212,0
3290,0.5,4,-0.0,-0.456,-0.017,0
4278,5.03,6,0.448,0.273,-0.216,1
7106,5.19,0,0.119,0.557,0.01,0
1217,5.09,0,0.259,0.157,-0.051,0
5006,4.36,4,-0.232,-0.416,0.342,0
4843,5.5,4,0.097,-0.352,-0.503,0
4233,6.19,1,-0.106,0.638,-0.554,0
3734,10.69,3,-0.212,0.351,0.017,1
4955,5.58,2,-0.305,-0.034,-0.303,0
6032,6.06,6,0.338,-0.122,0.15,0
7477,5.98,2,-0.308,0.151,-0.512,0
5196,0.5,0,-0.263,0.329,0.206,0
4338,7.19,6,-0.048,-0.415,-0.062,1
5706,1.3,5,0.084,0.134,0.084,0
8189,4.46,4,-0.119,-0.175,0.401,0
0,7.63,2,-0.225,0.078,-0.447,1
3551,2.45,3,-0.241,0.48,0.539,0
0,6.63,6,0.163,-0.197,-0.073,1
3755,3.74,0,-0.034,-0.451,-0.06,0
2254,5.62,1,0.087,0.324,0.477,1
0,2.5,3,0.138,-0.495,-0.295,1
6391,5.25,5,0.133,0.102,0.058,0
6167,6.99,0,0.463,-0.661,-0.324,0
5319,7.02,0,-0.008,0.238,0.298,0
3908,4.1,2,-0.118,-0.31,-0.267,0
7303,5.39,5,0.064,0.211,0.263,0
774,2.44,3,-0.007,-0.201,0.274,0
11939,5.56,4,0.255,-0.56,0.009,0
8937,3.07,0,-0.056,-0.018,-0.273,0
12288,3.56,0,-0.028,0.272,0.005,0
7456,2.39,8,0.169,0.314,0.11,0
8474,2.38,2,0.404,0.468,-0.344,0
6749,3.71,1,0.085,0.342,0.135,0
5041,6.54,2,0.124,0.419,-0.623,0
8391,0.5,7,-0.191,-0.365,0.209,0
7092,2.0,0,-0.056,-0.361,-0.318,0
6346,2.1,5,0.447,-0.045,0.039,0
12054,1.44,7,0.321,0.256,0.388,0
6841,3.25,7,0.34,0.332,0.013,0
3851,5.57,6,0.307,-0.129,0.095,1
2073,7.95,1,0.236,-0.345,0.309,1
6965,2.66,6,-0.177,0.225,-0.082,0
836,2.05,2,0.41,0.27,0.487,0
10960,3.4,3,-0.123,-0.201,-0.552,0
5955,1.14,3,0.635,-0.153,0.058,0
8719,5.84,4,-0.109,-0.07,-0.288,0
8538,0.5,6,-0.421,0.289,-0.106,0
2304,6.74,6,-0.131,0.216,-0.686,1
2038,8.88,3,-0.559,-0.21,-0.277,1
5502,3.89,4,-0.021,0.408,0.127,0
7373,8.5,2,-0.379,0.362,0.041,0
6418,3.1,2,0.254,0.295,0.235,0
8378,6.71,4,-0.053,0.363,-0.112,0
7109,2.59,2,-0.071,-0.241,0.239,0
1955,5.3,4,-0.543,-0.132,0.077,1
7286,4.39,6,-0.033,0.004,0.075,0
8780,2.97,2,-0.201,-0.1,0.428,0
7718,1.61,2,0.112,-0.272,-0.218,0
10034,3.16,6,0.377,-0.22,-0.267,0
5171,1.73,4,-0.062,0.108,0.419,0
8452,6.47,0,0.133,0.517,-0.903,0
8068,4.52,1,0.24,0.513,0.233,0
4886,2.17,4,0.262,-0.116,-0.087,0
14466,8.24,7,-0.438,-0.212,0.022,0
2996,9.8,8,-0.16,0.535,-0.001,1
13768,5.43,5,0.42,0.383,0.153,0
5576,6.54,1,0.046,-0.333,-0.534,0
6151,8.79,6,-0.025,0.524,-0.171,1
246,0.5,0,0.245,-0.19,0.138,0
10938,1.7,5,0.162,-0.258,0.406,0
5136,3.85,10,0.157,0.278,0.406,1
4048,8.75,2,-0.163,-0.082,-0.187,1
8466,5.8,2,0.202,-0.083,-0.098,0
6146,6.39,5,-0.109,0.254,-0.067,0
4035,0.6,6,0.004,0.063,0.314,0
4567,0.88,4,0.092,-0.079,0.442,0
0,8.36,6,0.137,-1.001,0.385,1
2920,3.48,3,0.122,0.192,0.268,0
8447,5.76,5,-0.327,-0.225,0.269,0
8511,7.17,2,0.273,-0.348,0.323,0
5217,10.05,0,0.529,-0.108,-0.114,1
6584,2.91,3,-0.221,-0.21,0.146,0
3295,2.7,0,-0.151,0.393,-0.254,0
3805,5.58,2,0.668,-0.049,0.101,0
8831,7.77,4,-0.048,0.607,-0.03,0
4674,3.06,0,0.246,-0.704,-0.002,0
5385,11.72,0,-0.27,-0.041,-0.059,1
4351,4.76,0,0.107,-0.696,-0.008,0
4198,8.05,9,-0.099,0.417,-0.095,1
3101,10.24,5,0.001,0.206,0.082,1
5792,1.02,3,0.187,-0.037,0.271,0
7150,2.37,0,-0.047,-0.157,0.101,0
3845,3.15,7,0.044,-0.211,0.005,0
10136,5.88,5,-0.226,0.308,0.695,0
3625,1.45,4,0.263,-0.027,-0.316,0
5674,6.79,2,0.182,0.349,0.072,0
5916,7.49,1,-0.286,-0.08,-0.148,0
3589,10.49,10,-0.106,0.028,-0.056,1
9322,8.92,0,0.143,-0.392,0.527,0
7320,2.53,3,-0.087,0.158,0.313,0
2555,10.52,8,-0.263,0.022,0.513,1
9698,3.99,6,0.899,0.032,-0.19,0
6517,5.74,2,0.132,-0.376,-0.2,0
8274,0.5,6,-0.604,-0.519,-0.15,0
6860,8.98,4,-0.074,0.174,-0.261,1
6418,1.4,4,-0.039,-0.241,0.05,0
6475,8.53,0,-0.023,-0.228,0.261,0
8261,6.52,1,0.266,-0.459,-0.521,0
2172,4.9,6,-0.893,0.397,0.039,1
1296,5.3,7,0.18,0.33,-0.41,1
4757,2.23,9,0.192,0.854,-0.14,1
3825,4.57,8,-0.11,0.037,0.029,1
6118,3.04,3,-0.054,-0.002,0.283,0
11281,2.48,2,-0.248,0.056,-0.162,0
6719,8.31,0,0.148,-0.138,0.138,0
3310,8.59,6,0.171,0.238,-0.224,1
4141,7.26,1,0.434,-0.097,0.151,0
12297,2.88,4,0.316,0.285,-0.098,0
4449,4.3,8,-0.084,0.023,-0.128,1
8116,5.47,0,-0.291,-0.6,-0.249,0
8381,8.97,6,0.166,-0.038,0.232,1
6858,10.41,3,0.403,0.262,0.221,1
0,7.79,3,-0.133,-0.445,-0.002,1
6100,1.09,0,0.146,0.262,0.057,0
9452,4.74,3,-0.275,-0.468,0.556,0
9393,0.82,4,-0.03,-0.082,-0.123,0
7143,7.45,5,-0.036,-0.047,0.281,0
7390,5.22,3,0.104,-0.141,0.246,0
2772,3.77,5,-0.34,-0.472,0.019,1
910,1.1,6,-0.061,0.386,-0.361,1
5718,6.2,0,0.31,0.153,-0.483,0
5886,6.16,2,-0.444,0.084,0.663,0
4839,9.71,1,0.065,0.231,-0.003,1
5106,7.18,9,0.09,-0.155,-0.057,1
13559,5.4,2,-0.344,-0.548,0.109,0
7963,3.81,3,-0.351,0.04,0.144,0
4394,10.07,1,0.085,0.254,-0.023,1
5434,0.71,8,-0.051,0.161,0.202,0
4115,4.41,8,-0.335,0.638,-0.223,1
2461,5.4,10,-0.573,-0.042,0.143,1
6100,6.15,1,-0.18,-0.045,-0.339,0
5865,3.83,2,0.096,-0.546,-0.069,0
12952,1.74,7,0.016,-0.181,-0.396,0
6419,9.36,2,-0.024,0.303,0.102,0
1283,5.3,8,-0.011,-0.822,0.116,1
5404,0.5,0,0.293,-0.22,-0.272,0
5893,3.07,4,-0.061,-0.36,-0.153,0
7328,5.13,3,0.581,0.219,0.256,0
5502,5.66,2,0.233,-0.033,0.067,0
6481,4.95,12,-0.2,-0.203,0.208,1
4214,4.13,0,0.147,0.151,-0.095,0
8144,0.5,1,-0.051,-0.352,-0.525,0
5076,7.08,7,-0.164,0.22,0.191,1
9655,3.95,0,0.021,-0.304,-0.217,0
5096,3.98,4,0.211,-0.11,0.119,0
6044,7.81,3,-0.024,-0.112,-0.049,0
3649,2.35,6,-0.325,-0.096,0.305,0
4941,7.49,2,-0.315,-0.478,0.394,1
2589,7.24,1,0.395,0.662,-0.506,1
2745,7.32,5,0.233,-0.172,0.596,1
6354,1.35,3,-0.361,0.477,-0.198,0
7477,3.59,2,-0.573,0.179,0.39,0
3252,0.5,6,-0.494,0.366,-0.271,0
2690,5.75,0,-0.212,0.106,-0.729,0
10927,5.13,0,-0.305,0.297,0.18,0
10160,2.95,4,0.128,0.209,0.338,0
3848,4.66,2,-0.016,0.21,-0.496,0
9328,1.58,3,0.373,0.098,0.102,0
2458,1.87,6,-0.177,-0.148,0.289,0
2850,5.81,4,-0.001,-0.156,-0.174,1
2764,6.45,1,0.291,-0.067,-0.318,1
5286,3.77,7,-0.111,-0.083,0.423,0
7524,9.99,7,-0.266,0.297,0.458,1
10598,7.96,6,-0.091,-0.251,-0.106,0
1005,9.03,3,0.387,-0.369,0.325,1
4515,1.15,8,0.332,0.064,0.01,0
7318,5.58,1,-0.124,0.588,0.802,0
10688,6.43,2,-0.239,-0.22,-0.166,0
12453,10.42,6,-0.288,0.268,-0.072,1
0,5.86,1,-0.242,-0.075,-0.149,1
5897,4.75,0,0.456,-0.295,-0.286,0
5014,4.67,8,0.081,0.17,0.082,1
6694,5.93,0,-0.075,0.349,1.183,0
2387,6.27,2,0.614,-0.406,0.187,1
1778,4.04,3,0.321,-0.323,0.199,1
6056,5.82,6,-0.385,0.243,-0.171,0
9287,6.0,3,-0.177,0.247,0.378,0
4401,1.6,6,-0.435,-0.392,-0.319,0
4753,0.99,0,-0.341,0.193,-0.381,0
4979,10.84,3,0.103,-0.284,0.649,1
4376,4.32,7,-0.055,0.014,-0.085,0
5175,6.11,5,-0.193,-0.23,-0.183,1
1796,0.5,4,0.282,0.261,-0.715,0
5264,1.69,4,-0.125,0.178,-0.006,0
311,2.1,4,0.027,-0.422,-0.461,1
6168,0.79,0,-0.134,-0.147,-0.264,0
3888,5.04,1,0.021,-0.114,0.05,0
8634,7.52,7,0.251,0.072,-0.13,0
4836,2.37,4,0.209,-0.218,-0.011,0
3967,5.63,2,-0.222,-0.204,0.151,0
5709,3.71,4,-0.124,0.338,-0.292,0
5439,0.79,2,-0.504,0.224,0.23,0
8352,5.09,1,-0.24,0.459,0.431,0
6367,3.45,8,-0.208,0.069,0.406,0
3490,7.49,5,-0.012,-0.298,-0.217,1
6868,0.73,4,0.162,0.296,-0.42,0
9948,10.09,5,-0.311,-0.098,-0.014,0
6811,5.07,4,-0.027,0.08,-0.138,0
4985,3.27,9,0.439,0.167,0.398,1
8395,5.54,0,-0.079,-0.101,-0.34,0
1541,6.48,4,-0.35,-0.224,0.348,1
3366,5.51,3,0.152,-0.257,0.027,0
6506,5.69,4,0.103,0.658,0.768,0
4082,0.5,5,0.056,0.318,0.085,0
6175,8.39,7,-0.416,-0.245,-0.032,1
6295,4.32,5,0.299,0.517,0.174,0
3442,4.56,3,0.154,0.116,0.615,0
4615,6.15,11,-0.176,0.044,-0.283,1
6246,2.66,7,0.044,-0.281,0.252,0
6538,7.86,0,0.111,0.232,-0.127,0
2222,4.88,7,0.338,-0.129,-0.385,1
4706,3.59,5,-0.032,-0.226,0.331,0
6421,6.31,0,-0.727,-0.431,-0.144,0
7729,0.5,8,0.051,0.408,-0.266,0
7511,5.26,6,-0.07,0.142,0.331,0
4046,5.73,0,0.211,0.586,-0.373,0
5725,7.64,4,0.05,-0.117,-0.128,0
5739,5.13,0,-0.02,0.471,-0.126,0
2288,4.55,1,-0.402,0.042,-0.213,0
4125,5.46,0,-0.522,0.201,-0.579,0
3069,0.5,2,0.128,0.034,0.718,0
9260,2.21,0,0.812,0.319,0.177,0
6224,5.82,0,0.047,0.021,-0.271,0
4384,9.55,3,0.621,-0.522,-0.157,1
1358,1.37,1,0.095,0.08,-0.204,0
0,9.43,3,-0.335,0.082,0.061,1
5031,5.45,0,0.228,-0.299,-0.182,0
7946,8.61,8,0.317,-0.097,-0.462,1
10215,9.11,1,0.276,-0.1,0.45,0
4455,10.94,6,0.539,-0.139,0.122,1
3092,7.53,6,0.719,0.145,0.217,1
4587,6.62,2,0.035,0.052,-0.106,0
6188,3.87,2,0.323,0.053,0.104,0
1628,6.27,5,-0.12,0.626,-0.687,1
8353,7.14,5,0.053,0.165,0.26,0
3822,5.9,3,-0.328,0.215,-0.169,1
1506,3.38,1,0.309,0.046,0.415,0
4000,7.62,12,0.107,0.258,0.208,1
1733,6.76,4,-0.078,-0.265,0.208,1
3082,11.4,4,-0.367,-0.154,-0.083,1
13237,2.35,3,-0.161,0.15,-0.157,0
2582,4.41,3,-0.178,-0.162,0.355,0
5040,1.6,2,0.016,-0.401,0.488,0
8602,9.29,5,-0.628,0.461,-0.259,1
3653,5.47,8,0.316,0.272,-0.094,1
5017,6.04,3,0.267,0.249,0.177,0
0,5.38,3,0.05,-0.226,-0.397,1
7389,3.93,5,-0.201,0.425,0.3,0
6890,4.36,6,0.118,0.072,0.313,0
10279,1.24,0,-0.234,-0.451,-0.019,0
7800,4.94,2,0.338,0.042,0.103,0
9462,4.63,10,-0.134,0.599,-0.292,0
7552,3.07,7,-0.143,0.087,-0.195,0
8811,3.03,9,-0.299,-0.404,0.285,0
4225,4.98,3,-0.394,-0.023,0.379,0
9009,5.7,7,-0.318,-0.098,0.119,0
5608,4.26,0,-0.624,0.245,0.073,0
8705,3.69,1,0.002,0.256,-0.069,0
8405,1.98,3,-0.021,0.368,0.062,0
11238,0.96,4,0.054,0.186,-0.244,0
11053,5.04,0,-0.005,-0.094,0.835,0
9149,5.15,3,0.285,0.3,-0.873,0
7928,5.08,0,0.264,0.674,0.167,0
9301,10.41,1,-0.557,0.197,-0.074,0
1877,4.77,6,-0.045,-0.236,-0.067,1
5941,0.5,3,-0.403,0.198,-0.468,0
9038,3.77,2,0.088,-0.26,0.084,0
3803,3.33,5,-0.342,-0.379,0.074,0
5919,5.51,4,0.017,0.182,0.029,0
0,0.5,9,0.0,0.285,-0.104,1
5825,3.64,11,0.076,-0.16,-0.495,1
11921,4.51,6,0.257,-0.139,0.202,0
4187,2.03,7,-0.047,0.156,0.123,0
7913,0.5,2,-0.097,-0.249,0.129,0
9560,9.04,2,0.088,0.134,0.186,0
3365,10.46,6,0.286,0.361,0.16,1
2918,4.58,0,0.125,-0.051,-0.012,0
9612,3.63,3,0.007,-0.552,-0.08,0
0,3.24,6,0.134,-0.178,0.012,1
2775,4.99,12,0.554,0.016,0.048,1
3061,2.59,5,-0.157,0.271,0.471,0
6997,5.31,0,0.224,-0.343,-0.125,0
8878,8.09,2,-0.123,-0.21,-0.359,0
4095,0.5,6,0.118,0.168,-0.286,0
2414,5.16,4,-0.044,-0.087,0.513,1
7278,10.91,7,0.511,-0.322,0.178,1
4704,0.5,8,-0.088,-0.317,-0.124,0
3611,2.92,3,0.519,-0.2,0.498,0
8546,6.19,6,0.004,0.386,0.17,0
1006,5.89,6,-0.087,0.038,-0.184,1
1867,0.5,0,0.201,-0.747,-0.2,0
3703,4.15,0,0.121,-0.382,0.34,0
4134,4.71,4,0.073,0.011,-0.128,0
7029,6.4,1,0.128,0.358,0.212,0
8797,5.52,1,-0.243,0.096,0.283,0
14357,7.95,0,-0.23,0.684,-0.064,0
6142,2.12,8,0.15,-0.232,-0.298,0
6921,5.13,6,0.164,-0.079,-0.163,0
5520,3.35,3,0.005,-0.269,0.189,0
4888,2.47,2,0.073,0.025,0.127,0
8695,8.91,4,-0.321,-0.081,-0.301,0
11090,10.96,5,0.258,0.075,0.11,0
1207,4.78,1,0.084,-0.018,0.584,1
8749,5.85,3,0.503,-0.009,0.1,0
6126,3.79,4,-0.589,-0.464,0.105,0
10704,6.04,1,-0.433,0.235,-0.17,0
7929,6.17,5,0.01,0.115,-0.036,0
4094,2.11,0,-0.054,0.456,0.219,0
6683,2.8,6,-0.036,0.472,-0.294,0
3750,2.46,0,-0.281,0.031,-0.214,0
0,8.22,0,0.177,0.009,0.635,1
8990,3.49,1,0.451,-0.443,0.057,0
5606,3.97,5,0.057,0.137,0.042,0
7253,5.28,2,0.001,-0.214,-0.234,0
4991,4.64,4,0.275,-0.15,0.059,0
6354,3.17,4,0.301,0.056,0.068,0
3884,10.91,2,-0.5,0.258,-0.034,1
5090,3.36,9,0.106,0.165,0.049,0
6810,9.2,3,-0.437,0.26,0.149,1
6323,6.41,2,0.006,-0.04,-0.177,0
9567,0.76,11,0.263,-0.533,-0.067,0
5494,6.18,1,0.01,-0.036,-0.221,0
3369,7.76,0,0.143,0.239,-0.066,0
6157,8.49,1,-0.18,-0.149,0.35,0
9876,0.81,7,0.246,0.466,0.116,0
5867,8.44,6,0.673,0.288,0.046,1
2477,3.26,0,-0.065,0.278,-0.001,0
9065,6.01,2,0.026,0.142,0.042,0
6452,2.69,2,0.678,0.369,-0.442,0
0,5.23,6,-0.156,0.306,0.018,1
5510,7.27,2,-0.086,0.201,-0.009,0
11726,7.08,5,-0.015,0.262,-0.097,0
6847,2.25,7,0.087,0.595,0.718,0
8289,5.21,1,0.271,0.063,0.161,0
11189,2.53,1,-0.071,0.246,0.166,0
3312,7.27,0,-0.251,-0.035,-0.166,0
8669,5.86,9,-0.074,-0.037,0.363,0
5727,9.48,5,-0.706,0.353,0.274,1
8853,0.5,2,-0.177,-0.252,0.523,0
5964,4.89,5,0.171,-1.0,-0.194,0
1761,6.2,3,0.005,-0.624,-0.093,1
9345,9.23,6,-0.401,0.378,0.217,1
5648,0.5,6,-0.178,0.104,0.021,0
10615,4.62,3,0.474,-0.197,0.244,0
5404,1.99,4,0.208,0.406,0.442,0
5115,2.04,3,-0.354,-0.065,-0.102,0
8182,0.5,1,-0.218,0.356,-0.334,0
6679,4.62,7,0.179,0.036,-0.166,0
442,5.74,5,-0.472,-0.37,0.076,1
7017,2.03,2,-0.551,0.413,-0.39,0
7626,4.9,7,-0.238,0.018,-0.51,0
184,6.79,0,-0.068,0.303,0.224,1
4006,0.5,5,0.403,-0.199,-0.241,0
4425,6.71,7,-0.372,-0.449,0.702,1
5468,5.76,1,0.147,0.288,0.09,0
11222,4.02,3,0.069,0.139,0.068,0
2146,5.94,2,-0.174,0.01,-0.288,1
2593,0.5,9,0.167,-0.035,-0.2,0
0,2.81,6,0.283,0.193,0.048,1
9911,4.01,7,-0.115,-0.264,-0.302,0
2806,6.98,1,-0.31,0.214,0.098,1
8887,6.54,1,0.023,0.038,-0.276,0
2686,2.96,10,-0.124,0.37,-0.141,1
8666,7.71,6,0.116,0.413,0.114,0
11140,0.5,5,0.085,-0.281,0.174,0
1529,3.04,0,0.468,-0.069,0.65,0
8408,6.34,2,-0.314,0.157,-0.021,0
1982,0.5,1,0.546,0.664,0.061,0
6446,3.99,1,0.413,0.562,-0.268,0
5751,3.65,2,0.356,-0.394,0.14,0
8184,4.57,6,0.044,0.365,-0.457,0
4953,4.78,0,-0.326,-0.244,0.284,0
3879,2.55,6,-0.485,-0.621,-0.108,0
1656,0.77,5,0.263,0.237,0.333,0
9723,0.5,5,-0.159,-0.224,0.168,0
809,0.5,5,0.146,0.041,-0.264,0
8231,7.04,4,-0.353,-0.128,0.251,0
9981,4.02,3,-0.049,0.082,-0.174,0
0,8.58,9,-0.184,-0.32,-0.041,1
5437,7.99,4,-0.238,-0.396,0.26,1
7798,8.18,1,0.552,-0.523,0.213,0
271,2.63,8,0.249,-0.164,-0.156,1
6301,6.54,7,-0.137,-0.484,0.047,1
4627,1.1,4,-0.064,0.092,-0.268,0
7460,1.05,1,-0.073,0.523,0.235,0
9231,9.25,14,0.012,0.426,0.304,1
8988,10.32,2,-0.15,0.096,-0.055,0
6955,9.69,2,-0.091,0.052,-0.068,0
257,3.26,6,0.431,-0.346,-0.348,1
6090,0.5,2,-0.521,0.411,-0.231,0
10958,8.34,2,-0.322,-0.058,-0.031,0
7038,2.67,6,0.08,-0.102,-0.214,0
5445,2.55,4,0.026,0.079,0.53,0
5602,8.01,4,-0.071,-0.036,-0.018,1
6839,2.12,0,0.196,0.269,0.224,0
6464,7.3,6,0.236,-0.258,-0.329,1
4834,4.95,3,-0.563,0.517,-0.082,0
6518,8.73,0,-0.154,-0.116,-0.101,0
5479,9.34,6,0.287,0.014,-0.42,1
0,0.5,5,0.01,-0.063,-0.111,0
12035,2.53,6,0.001,-0.018,0.353,0
10387,4.28,6,0.109,0.002,0.061,0
3935,4.08,2,0.27,-0.029,-0.389,0
3829,0.5,2,0.011,-0.041,0.594,0
7724,6.59,0,-0.109,-0.146,-0.236,0
3600,0.5,0,0.262,-0.043,-0.152,0
5983,8.5,4,0.162,-0.254,-0.186,1
7061,10.68,8,0.175,0.045,0.42,1
8384,0.5,0,0.101,-0.536,-0.269,0
3900,4.23,3,-0.087,0.248,-0.08,0
4846,0.95,7,-0.201,-0.326,0.064,0
3699,3.42,4,-0.098,0.693,-0.022,0
7853,0.5,1,-0.326,-0.286,0.125,0
9106,6.03,3,-0.189,0.334,0.621,0
6405,7.82,5,0.227,-0.349,-0.146,1
7186,8.64,1,-0.61,-0.149,0.303,0
1248,1.47,4,-0.035,0.178,-0.369,0
5025,8.59,0,0.443,-0.32,0.255,1
4881,1.57,2,0.163,-0.002,0.336,0
10307,1.45,0,-0.391,-0.27,0.331,0
7681,3.36,3,0.421,0.572,0.078,0
0,5.89,6,0.067,0.218,0.107,1
2296,2.34,3,0.32,-0.23,0.137,0
6911,9.76,3,-0.526,0.194,0.641,1
8137,2.64,0,-0.286,0.601,-0.098,0
4012,4.52,3,0.47,-0.304,0.354,0
6366,8.62,8,0.025,-0.095,0.02,1
5715,0.5,8,0.074,-0.349,-0.62,0
0,7.31,2,-0.136,0.146,-0.155,1
7639,5.29,3,-0.472,-0.246,0.181,0
3953,8.62,11,0.197,0.448,0.216,1
4397,5.6,10,-0.157,-0.312,-0.34,1
5347,1.99,9,0.065,0.292,-0.09,0
2579,1.07,1,0.104,0.156,0.181,0
1533,5.0,0,0.12,0.144,-0.352,0
8904,12.02,6,-0.049,-0.095,-0.063,1
3717,5.76,0,-0.567,0.066,0.006,0
4286,1.15,4,-0.297,-0.042,0.529,0
7953,0.89,0,0.046,-0.413,-0.601,0
7597,5.96,5,0.079,-0.02,-0.199,0
7548,9.59,2,-0.306,-0.341,-0.26,0
6607,0.5,5,0.193,-0.539,-0.294,0
6239,4.57,5,-0.042,0.379,-0.096,0
3050,1.81,6,0.009,0.19,0.184,0
0,1.58,0,-0.245,-0.126,0.3,0
9595,4.12,3,-0.212,0.027,0.061,0
8419,7.4,0,-0.046,0.415,-0.131,0
9417,4.08,4,-0.341,-0.33,0.218,0
8645,5.08,0,0.013,0.377,0.523,0
5049,0.5,6,-0.083,0.283,0.084,0
3349,5.17,7,-0.045,-0.31,-0.477,1
3683,3.77,6,-0.336,0.466,-0.401,1
12994,10.18,4,-0.494,-0.017,-0.116,0
2177,5.87,1,-0.214,-0.061,-0.172,0
12234,3.39,5,0.044,0.106,0.129,0
8644,5.8,4,0.018,-0.042,-0.274,0
5817,5.72,5,0.054,-0.07,-0.017,0
4339,5.94,3,0.054,0.3,-0.213,0
7790,5.1,10,-0.065,0.209,0.005,0
1835,3.44,6,-0.13,-0.666,-0.009,1
2722,5.4,8,0.231,0.461,-0.168,1
5570,1.87,1,-0.278,-0.392,0.41,0
0,9.11,7,0.15,-0.334,-0.475,1
4354,6.88,4,-0.313,0.344,0.505,1
5320,5.33,0,-0.124,0.153,0.106,0
4476,4.18,2,-0.084,0.127,-0.59,0
5776,6.05,2,-0.144,-0.135,-0.144,0
6017,5.39,0,0.196,-0.087,0.58,0
2425,2.4,3,0.124,-0.585,-0.249,0
7773,2.16,8,-0.136,-0.27,0.183,0
10822,6.25,7,0.503,-0.277,0.282,0
1429,6.27,3,0.373,0.352,0.171,1
6895,6.53,4,-0.018,0.433,0.469,0
5575,5.71,4,-0.484,-0.101,0.48,0
3750,11.34,7,0.12,0.168,-0.275,1
5204,9.32,2,0.318,-0.413,-0.359,1
11704,4.96,2,0.409,0.374,0.276,0
4290,4.14,4,0.208,-0.153,0.051,0
6802,8.86,6,-0.452,-0.064,-0.279,1
7704,7.77,4,-0.08,0.021,0.063,0
4079,1.34,0,0.38,0.149,0.109,0
9795,1.23,0,0.115,0.088,-0.519,0
7078,3.8,1,-0.1,-0.732,-0.177,0
3887,6.67,3,0.192,-0.765,-0.252,1
7667,4.07,6,-0.541,0.219,-0.192,0
3791,7.97,7,0.31,0.612,0.38,1
3613,5.42,2,0.609,0.331,-0.057,0
8633,1.3,4,-0.281,-0.507,0.235,0
8725,6.37,3,-0.38,-0.348,-0.291,0
5298,8.23,7,-0.495,-0.208,-0.216,1
0,6.7,3,-0.034,0.404,0.026,1
4707,6.72,7,0.089,0.207,-0.044,1
5754,5.34,1,-0.17,0.413,0.602,0
10776,1.03,0,-0.357,0.04,-0.843,0
4233,9.22,6,-0.153,-0.13,0.17,1
8805,3.4,3,-0.17,-0.399,-0.066,0
5112,1.22,5,0.145,0.209,-0.23,0
49,6.4,2,-0.267,-0.377,-0.083,1
10731,3.48,0,0.196,0.052,-0.636,0
7987,11.39,0,-0.371,-0.855,-0.023,1
8971,5.32,8,0.249,0.511,0.348,0
4791,5.2,1,-0.069,0.019,-0.025,0
10026,4.01,1,-0.261,0.197,-0.421,0
5396,8.98,4,-0.022,-0.011,-0.309,1
3428,4.41,4,0.284,0.028,0.406,0
10815,7.39,7,-0.297,-0.345,0.155,0
1976,4.13,6,0.424,-0.076,-0.195,1
6961,1.78,3,-0.002,-0.008,0.027,0
3496,2.82,1,-0.486,0.103,0.268,0
8388,4.21,1,0.223,0.192,0.065,0
11232,4.92,3,-0.12,-0.468,0.198,0
5683,6.53,9,-0.117,-0.701,0.144,1
6500,2.8,5,0.236,-0.284,-0.09,0
10430,2.84,4,-0.787,-0.445,0.047,0
9683,0.91,4,-0.113,0.286,-0.365,0
7290,3.04,4,0.021,-0.076,0.143,0
6130,4.6,2,0.023,0.067,-0.297,0
4951,1.83,3,-0.178,0.231,0.202,0
3231,4.99,5,-0.053,-0.218,-0.328,1
8562,7.71,3,0.23,-0.89,0.398,0
5529,5.43,3,0.419,-0.318,0.442,0
7188,6.87,3,-0.392,0.279,0.093,0
10084,4.42,2,0.416,0.574,0.003,0
3741,7.43,3,0.18,-0.078,0.469,1
3901,6.44,2,-0.084,-0.124,0.222,0
8755,6.67,3,0.042,0.269,0.279,0
0,4.18,3,0.201,-0.02,0.216,1
2764,5.78,6,-0.442,0.754,0.357,1
6004,2.51,3,0.025,0.132,0.45,0
4571,6.69,0,-0.124,0.113,0.207,0
3740,3.68,8,0.349,0.063,-0.671,1
13533,4.94,3,-0.157,0.113,0.116,0
8851,2.22,3,0.609,0.067,-0.052,0
3175,6.52,7,0.262,-0.078,0.108,1
11014,8.21,1,-0.764,0.089,0.24,0
2732,4.97,3,0.031,-0.163,0.387,1
6443,2.36,6,-0.379,0.385,0.297,0
10169,4.53,2,0.025,-0.025,-0.196,0
4339,3.9,0,0.203,-0.016,-0.093,0
2668,1.52,9,-0.188,0.183,0.049,1
0,10.38,6,-0.23,-0.009,-0.345,1
11478,2.28,2,-0.219,0.024,0.411,0
11368,3.8,5,0.025,-0.294,0.727,0
10088,5.57,8,0.364,0.025,0.098,0
10536,2.16,9,-0.068,0.457,-0.002,0
7012,4.9,2,-0.081,0.414,-0.694,0
2283,2.82,0,0.453,0.377,0.178,0
4086,9.01,0,0.643,-0.205,-0.079,1
4711,1.78,9,0.237,0.365,-0.367,0
6542,6.56,4,-0.348,0.323,0.036,0
3135,0.5,5,0.735,-0.305,0.051,0
9331,1.19,2,-0.258,0.295,0.398,0
6477,2.47,2,-0.189,-0.293,-0.031,0
7724,6.47,3,0.017,-0.024,-0.389,0
6480,3.25,0,0.111,-0.184,0.068,0
8542,2.15,4,-0.543,0.46,-0.408,0
4455,9.02,3,-0.359,0.214,0.207,1
4100,3.43,2,-0.062,-0.568,-0.054,0
11351,2.31,2,-0.355,0.184,0.361,0
9540,1.26,5,0.43,0.153,0.144,0
4585,5.66,7,0.098,-0.374,-0.137,1
9627,5.97,4,-0.166,0.357,0.499,0
9789,9.33,2,-0.15,-0.047,0.012,0
10293,8.5,5,-0.429,-0.506,0.072,0
8640,4.76,9,-0.325,-0.363,-0.199,0
3893,6.58,2,-0.464,0.267,-0.528,1
2786,0.5,4,0.056,0.575,0.274,0
10324,5.87,1,0.038,0.178,0.211,0
4582,6.47,1,-0.313,-0.335,0.007,0
2466,3.73,6,-0.309,-0.151,0.021,1
6740,3.5,6,0.177,0.342,-0.024,0
4461,2.95,4,-0.113,-0.171,-0.134,0
3948,5.6,0,0.091,0.203,-0.174,0
11766,5.05,0,-0.084,0.019,0.135,0
5227,1.97,0,-0.196,-0.167,-0.34,0
3801,6.98,8,0.227,0.392,0.292,1
8499,3.99,4,-0.126,-0.066,0.02,0
8140,6.27,3,0.017,0.13,0.2,0
1443,1.77,7,-0.018,-0.127,-0.079,1
5208,6.67,0,0.007,0.074,0.119,0
6668,6.55,2,-0.283,0.737,-0.09,0
5446,7.03,8,-0.163,-0.3,-0.373,1
10779,1.89,3,-0.293,-0.435,-0.088,0
3186,2.93,10,0.127,0.279,0.247,1
5697,3.68,4,0.051,-0.171,0.039,0
3881,4.49,2,-0.381,-0.705,-0.282,0
11412,4.07,6,-0.637,-0.302,-0.406,0
5393,12.27,5,0.509,-0.076,0.409,1
12219,4.67,2,-0.395,-0.093,0.025,0
12092,1.12,4,-0.544,-0.128,0.093,0
7537,6.77,5,0.174,0.014,-0.314,0
445,3.36,3,0.376,-0.03,-0.059,1
7156,4.19,6,0.594,0.657,0.029,0
7010,9.74,3,0.204,-0.341,-0.093,1
9468,2.85,3,-0.472,0.602,0.379,0
6564,6.52,5,0.415,-0.156,0.22,0
9232,8.65,0,-0.18,-0.306,0.045,0
0,0.5,10,0.185,0.036,0.109,1
6439,7.99,2,0.056,0.068,-0.314,0
9830,3.66,7,0.034,0.49,-0.312,0
2745,2.28,4,0.462,0.478,-0.693,0
6749,0.5,6,0.335,-0.012,0.025,0
6220,2.65,5,-0.069,0.279,-0.034,0
3416,0.5,0,0.394,-0.137,0.102,0
11349,3.31,2,-0.04,0.009,0.566,0
10697,6.86,8,-0.053,0.09,-0.09,0
2128,8.61,5,0.005,-0.001,-0.452,1
3067,6.01,2,-0.065,-0.031,-0.205,0
3096,0.5,3,0.186,-0.493,-0.007,0
6843,2.03,8,-0.116,-0.03,-0.048,0
687,8.03,1,-0.071,0.179,0.438,1
2760,3.66,8,0.139,0.201,-0.315,1
4862,4.5,1,-0.502,-0.153,0.406,0
6177,9.12,4,-0.229,0.383,0.064,1
8885,1.8,7,0.321,0.087,-0.242,0
5861,6.83,4,0.18,0.304,-0.195,0
2534,4.89,3,0.236,-0.322,0.306,1
10060,5.0,4,-0.23,-0.163,-0.123,0
10328,4.78,0,0.077,0.248,-0.008,0
10407,7.33,0,-0.165,0.068,-0.5,0
7009,0.5,7,0.272,0.151,-0.203,0
6510,3.46,0,-0.102,0.209,0.013,0
10352,7.3,5,-0.483,-0.086,-0.319,0
5450,2.92,2,0.318,0.143,0.302,0
1197,5.17,6,0.452,-0.464,-0.105,1
9102,4.42,1,-0.465,-0.285,-0.507,0
6175,7.69,0,0.077,0.254,-0.001,0
1167,6.16,3,-0.047,-0.164,0.026,1
7529,12.17,4,0.453,0.107,-0.03,1
6445,1.33,4,-0.598,-0.259,0.033,0
9581,9.29,3,0.047,0.295,-0.399,0
7214,2.52,3,-0.138,0.131,0.165,0
8673,6.04,4,0.556,-0.457,0.509,0
5130,6.71,3,-0.211,0.145,0.313,0
7419,3.37,14,0.36,0.28,-0.106,0
4124,4.16,7,-0.297,-0.32,0.162,1
6957,2.69,0,0.431,0.107,-0.409,0
2119,3.92,6,0.179,0.34,-0.447,1
6671,9.28,7,0.108,0.704,0.183,1
9128,5.13,1,-0.263,0.054,-0.063,0
694,1.92,3,0.218,-0.005,-0.022,0
3039,5.07,7,0.047,-0.452,-0.375,1
7766,4.33,3,-0.184,0.151,-0.09,0
5440,2.45,6,-0.066,0.182,-0.358,0
11201,8.83,0,-0.241,0.143,-0.396,0
5605,6.28,3,0.162,-0.208,-0.673,0
8946,7.93,11,-0.662,0.225,-0.591,1
11269,6.46,1,0.234,-0.166,0.09,0
6617,10.23,9,-0.179,0.317,0.106,1
1761,2.91,11,0.107,0.3,-0.064,1
4380,5.08,3,-0.448,-0.301,0.212,0
4857,5.08,4,0.094,0.344,-0.33,0
7710,7.27,6,-0.424,0.076,0.515,1
5702,6.45,6,-0.308,0.55,0.15,1
7558,0.5,6,0.152,0.487,-0.093,0
3037,2.95,2,-0.336,0.387,0.398,0
5412,3.82,0,0.209,0.496,-0.191,0
5649,6.3,9,0.06,0.059,0.054,1
1724,0.66,1,0.304,-0.101,-0.159,0
4358,4.59,9,-0.045,-0.236,0.008,1
11265,3.49,0,-0.15,0.039,0.206,0
9020,1.86,1,-0.097,0.205,-0.378,0
4178,3.22,6,0.158,0.271,0.402,0
5083,1.44,0,-0.551,-0.138,-0.115,0
8362,5.05,2,-0.035,-0.312,0.308,0
3642,1.58,6,0.172,-0.517,0.257,0
3775,3.88,4,0.176,0.134,-0.015,0
4726,6.24,3,0.542,0.176,-0.277,0
4567,5.14,7,0.423,-0.119,-0.28,1
2815,5.76,10,0.162,-0.478,-0.218,1
4128,2.53,2,0.111,0.205,0.328,0
7572,0.5,0,-0.047,0.044,0.258,0
6129,5.15,4,-0.077,0.026,0.338,0
5748,4.91,3,0.389,-0.332,0.533,0
2470,3.04,6,0.309,-0.421,-0.328,1
6833,12.03,7,-0.074,-0.726,0.024,1
7086,3.85,1,0.048,-0.283,0.562,0
10550,6.97,4,-0.198,-0.006,0.492,0
8605,5.61,6,0.164,0.119,0.294,0
7551,7.58,4,-0.076,-0.164,-0.2,0
1184,2.26,1,-0.152,0.469,-0.047,0
6725,5.82,8,-0.173,-0.067,-0.032,0
9409,9.03,5,0.37,0.053,-0.052,0
9536,6.46,1,0.299,-0.063,-0.099,0
8679,4.73,5,0.199,-0.235,0.115,0
10048,2.13,5,-0.249,0.306,0.304,0
4937,11.63,7,0.212,0.195,0.295,1
3013,5.58,5,-0.12,0.139,0.37,1
4734,4.84,1,-0.536,0.234,-0.008,0
6142,2.04,3,0.329,0.0,0.009,0
6622,1.29,5,-0.377,-0.282,-0.315,0
5474,3.94,3,-0.272,0.302,0.25,0
5478,3.56,2,-0.093,-0.42,-0.288,0
8580,5.91,8,-0.09,-0.108,-0.122,0
5042,3.02,4,0.009,-0.153,0.375,0
11689,8.5,5,0.229,0.557,0.228,0
4244,6.18,5,-0.298,-0.085,0.33,1
529,1.25,3,0.106,-0.407,-0.038,0
9461,5.21,6,-0.178,-0.243,0.255,0
7107,1.44,1,0.469,-0.277,0.28,0
4565,4.99,4,-0.63,-0.439,0.026,0
3827,7.99,0,0.17,-0.413,-0.106,1
2806,10.71,0,-0.037,-0.518,0.48,1
7203,5.41,8,0.044,0.066,0.04,0
7690,3.52,3,0.243,0.083,-0.034,0
1798,9.49,2,0.296,0.053,-0.388,1
9756,5.76,8,-0.055,0.211,-0.529,0
4499,1.18,2,0.142,-0.181,0.259,0
3430,7.66,7,0.304,-0.103,-0.638,1
7746,4.62,1,-0.167,0.43,-0.341,0
7404,5.65,2,0.193,0.49,-0.089,0
5270,6.87,6,-0.038,-0.092,-0.665,1
3665,1.58,6,-0.073,-0.085,-0.003,0
3389,9.66,7,0.485,0.205,-0.009,1
10844,2.96,1,-0.18,0.157,-0.229,0
5533,0.5,5,-0.455,-0.28,0.365,0
9540,6.12,4,-0.159,-0.232,-0.109,0
1459,5.76,4,-0.28,0.471,0.182,1
8075,3.54,3,0.188,0.046,0.481,0
5388,3.49,5,-0.379,0.277,-0.39,0
7915,3.06,5,0.272,0.046,-0.36,0
3309,2.81,0,0.338,0.033,-0.341,0
10367,2.9,4,-0.248,-0.605,-0.409,0
4654,7.69,5,0.042,-0.603,0.381,1
6671,4.64,7,0.374,0.346,-0.074,0
2989,7.97,0,0.584,0.008,-0.318,1
2304,1.17,4,-0.002,-0.371,-0.107,0
1896,6.77,3,-0.114,-0.386,-0.09,1
4755,5.95,4,0.238,-0.145,-0.558,1
8973,2.19,0,-0.013,0.091,-0.159,0
4383,3.83,8,-0.001,-0.29,-0.287,1
5247,5.71,5,0.037,-0.253,-0.127,0
8201,1.56,2,0.179,0.263,-0.058,0
4766,1.03,5,0.396,0.77,0.116,0
5847,2.24,0,0.053,0.705,0.381,0
9349,5.74,5,-0.727,0.229,-0.174,0
3894,4.03,2,-0.215,0.004,-0.167,0
6300,0.54,3,-0.329,-0.192,0.043,0
1188,2.53,5,-0.424,0.533,0.361,1
4516,2.64,4,-0.434,-0.601,-0.138,0
5597,5.28,2,0.382,-0.449,-0.341,0
7459,1.52,0,0.037,-0.316,-0.04,0
3900,2.42,0,0.042,-0.374,-0.05,0
4463,4.38,3,0.058,-0.218,0.373,0
457,4.32,6,0.143,-0.292,-0.242,1
2979,6.8,1,0.077,0.079,0.711,1
6939,2.57,0,-0.083,-0.036,-0.663,0
3858,5.89,2,0.291,-0.468,0.203,0
8741,7.87,0,0.094,-0.201,-0.422,0
4758,2.29,6,0.154,-0.346,-0.217,0
4857,4.78,7,0.207,0.015,-0.078,0
679,8.88,2,0.466,0.059,0.608,1
7818,0.7,2,-0.051,-0.262,-0.113,0
1899,5.02,4,-0.301,0.582,0.019,1
3549,0.5,4,-0.078,0.235,-0.043,0
2418,10.01,5,-0.076,0.049,0.142,1
1713,5.47,2,0.152,-0.222,-0.181,1
10988,8.69,0,0.347,-0.022,-0.212,0
2978,2.15,1,-0.338,-0.406,-0.312,0
6970,5.15,5,-0.02,-0.392,0.148,0
2985,6.94,0,-0.206,-0.108,0.202,0
6527,5.06,9,-0.551,-0.312,-0.324,1
688,2.84,6,-0.177,-0.1,-0.517,1
3610,3.61,5,-0.502,-0.137,0.326,0
4664,0.5,7,0.22,0.261,-0.523,0
10537,2.68,2,-0.211,0.284,-0.054,0
7445,5.23,3,-0.284,0.544,-0.439,0
7236,6.13,7,0.416,-0.041,0.159,0
11294,4.8,0,-0.115,-0.391,0.112,0
9193,4.64,0,0.306,-0.533,-0.464,0
5464,5.76,5,-0.02,0.528,0.02,0
9104,7.36,0,-0.051,0.637,-0.151,0
3976,5.51,2,-0.238,-0.145,0.43,0
5590,1.02,0,0.662,-0.067,0.13,0
3685,5.96,8,-0.196,0.138,-0.422,1
12068,5.81,2,-0.089,-0.153,-0.138,0
0,4.71,3,0.147,-0.157,-0.231,1
5976,0.5,4,-0.559,0.336,0.205,0
3221,6.98,4,-0.303,-0.607,0.095,1
3617,8.28,4,-0.21,0.539,0.173,1
0,3.54,0,-0.24,-0.043,0.106,0
6784,8.23,5,0.172,0.06,0.386,1
5051,4.13,0,0.317,-0.023,0.88,0
4783,5.27,5,-0.331,0.108,0.01,0
5088,8.52,1,0.082,0.436,-0.212,1
5109,12.04,5,-0.152,0.241,-0.17,1
1305,9.12,0,0.736,-0.147,0.64,1
1893,8.08,5,0.251,0.29,-0.149,1
2073,4.85,4,-0.142,0.083,0.099,1
3269,6.18,3,-0.21,0.236,-0.233,1
4629,5.22,8,0.058,0.158,-0.089,1
5764,4.85,4,-0.089,0.402,-0.112,0
878,13.23,3,0.394,0.421,0.284,1
5405,5.86,0,0.597,-0.256,-0.076,0
6296,4.68,2,0.418,0.285,0.097,0
4801,8.19,2,0.471,0.033,0.369,1
5658,5.21,7,0.658,0.468,0.263,1
7767,3.48,4,-0.274,0.113,0.132,0
117,5.12,5,-0.025,0.107,-0.403,1
3672,8.1,4,0.102,-0.164,0.006,1
0,7.54,9,-0.32,-0.282,0.132,1
10421,4.99,0,-0.063,-0.309,-0.201,0
5087,2.21,1,0.022,0.065,-0.427,0
7189,3.85,6,0.234,-0.163,0.184,0
3489,8.97,1,0.106,-0.056,-0.305,1
8702,3.16,0,-0.865,-0.263,0.413,0
9773,2.84,2,-0.139,-0.4,-0.285,0
8943,6.51,4,-0.401,0.03,-0.691,0
8528,5.78,0,0.485,-0.539,0.159,0
7665,1.28,3,-0.491,-0.854,-0.32,0
4150,6.93,4,0.028,-0.304,-0.159,1
3210,1.33,2,0.022,-0.172,-0.097,0
8084,3.5,0,0.169,0.08,0.099,0
7877,6.37,4,0.717,-0.385,-0.176,0
8902,5.43,6,0.051,0.412,-0.302,0
10027,8.51,0,0.189,-0.013,-0.182,0
334,1.97,6,0.244,-0.063,0.245,1
8835,5.46,1,0.132,0.146,0.202,0
8596,0.91,2,-0.57,0.224,-0.064,0
7292,0.57,8,-0.358,0.232,0.035,0
5431,4.19,2,0.389,0.004,-0.381,0
4848,5.39,6,-0.181,-0.161,0.007,0
8620,0.89,5,-0.139,-0.097,0.6,0
5410,7.26,6,-0.354,-0.554,0.246,1
2749,0.5,7,-0.306,-0.232,0.592,0
1020,1.23,2,-0.072,-0.268,-0.348,0
10529,5.79,5,-0.041,0.087,0.28,0
3011,5.79,6,0.463,0.584,0.021,1
9415,0.5,8,-0.218,-0.072,0.132,0
5539,5.59,8,-0.115,-0.326,0.544,1
7580,10.77,6,-0.397,0.194,-0.295,1
6022,4.77,0,-0.244,0.662,0.072,0
5473,10.44,2,-0.027,0.297,-0.12,1
3760,0.5,1,-0.284,0.048,-0.183,0
12474,1.83,8,0.066,0.242,0.224,0
0,4.97,3,-0.34,0.138,0.515,1
0,3.4,0,0.022,-0.098,-0.182,0
8068,9.91,11,-0.222,-0.546,0.168,1
10831,7.44,8,-0.068,-0.183,0.035,0
5008,6.99,6,0.314,0.153,0.074,1
8383,0.5,4,0.016,0.064,-0.026,0
7295,3.28,7,0.142,0.045,-0.209,0
8445,5.62,1,-0.017,0.189,0.165,0
7461,5.28,7,0.371,0.221,-0.176,0
2825,3.37,9,0.085,0.638,-0.036,1
5223,4.78,3,-0.232,-0.345,0.15,0
9164,12.33,2,-0.106,-0.231,0.338,0
8444,2.37,1,0.286,0.115,0.228,0
3351,0.5,1,0.206,0.633,-0.129,0
12827,7.49,0,0.064,0.259,-0.728,0
7933,8.52,5,-0.019,-0.052,-0.069,0
2472,2.94,2,0.034,-0.167,-0.261,0
8279,6.11,2,0.152,-0.136,0.019,0
8925,3.19,0,-0.044,-0.409,-0.083,0
5158,0.5,5,-0.055,0.355,0.065,0
8206,8.57,3,-0.0,-0.472,0.372,0
5562,1.98,6,-0.654,-0.129,0.272,0
4686,2.85,2,-0.603,0.215,-0.037,0
5183,4.19,4,0.196,-0.016,-0.408,0
7726,6.5,4,0.323,0.009,0.333,0
10221,6.75,1,-0.039,0.372,-0.449,0
4824,3.97,1,0.262,0.113,-0.213,0
7816,4.52,1,-0.214,0.131,0.282,0
4539,6.63,8,-0.378,0.107,0.249,1
5714,8.71,10,0.103,-0.07,0.293,1
8526,0.5,3,-0.118,0.119,-0.058,0
5744,2.41,6,0.497,-0.254,-0.419,0
6060,4.91,7,-0.369,-0.161,-0.644,1
10124,5.75,2,-0.397,-0.369,0.124,0
2677,5.31,10,-0.104,-0.288,0.115,1
2322,10.16,8,-0.049,-0.269,-0.128,1
5113,6.15,7,-0.311,0.303,0.185,1
4476,1.74,4,-0.318,0.307,-0.337,0
7643,4.76,2,-0.031,0.324,-0.358,0
4763,2.74,3,-0.205,-0.53,-0.317,0
10913,5.74,4,-0.085,-0.015,-0.129,0
7580,5.3,0,0.076,-0.738,0.124,0
1771,4.71,0,0.001,0.173,0.451,0
1375,7.93,4,-0.135,0.228,-0.071,1
8152,2.02,2,0.283,0.446,-0.011,0
0,4.4,4,-0.07,0.101,-0.143,1
8516,1.5,7,0.465,-0.274,-0.274,0
7232,1.44,2,0.331,0.221,0.594,0
6512,3.17,4,-0.045,-0.041,-0.007,0
3204,5.85,0,-0.215,-0.036,-0.678,0
8306,0.5,6,-0.388,-0.121,0.156,0
12594,5.35,0,0.286,-0.07,0.021,0
7673,0.5,4,-0.123,0.367,0.218,0
1118,8.79,5,-0.464,0.017,0.31,1
2357,9.13,0,-0.237,-0.283,0.413,1
4526,1.51,5,0.198,0.2,-0.081,0
6763,3.05,9,0.343,0.325,0.238,0
7559,1.27,5,0.034,0.379,0.242,0
7651,0.5,3,-0.167,0.076,-0.125,0
5172,6.38,2,0.036,-0.456,-0.25,0
7968,1.31,7,0.292,-0.08,0.9,0
9729,2.15,6,0.02,-0.233,-0.321,0
8984,3.21,3,-0.276,-0.224,-0.038,0
7164,0.5,4,-0.224,0.421,0.883,0
4922,0.5,4,-0.062,0.591,0.5,0
8596,3.24,6,0.08,0.072,-0.467,0
9185,5.32,3,-0.18,-0.238,0.095,0
752,7.37,0,-0.618,0.547,-0.257,1
3833,8.4,9,-0.46,-0.287,-0.265,1
8804,9.92,0,0.424,-0.213,0.101,0
2185,4.63,3,-0.095,0.115,-0.302,1
3348,6.31,8,-0.007,0.151,0.227,1
8491,2.14,1,-0.207,0.579,0.152,0
7389,6.1,0,0.581,0.144,0.217,0
703,7.34,2,-0.397,-0.286,-0.379,1
2154,5.18,2,0.1,0.503,-0.039,1
0,4.27,7,-0.026,0.459,0.136,1
485,5.33,4,0.324,0.546,0.272,1
7321,7.03,3,-0.439,0.012,0.11,0
2389,8.98,7,-0.412,0.41,-0.092,1
3664,8.24,3,0.57,-0.256,-0.519,1
5158,7.37,1,-0.399,0.069,-0.439,0
6920,3.98,5,-0.415,0.389,-0.055,0
8290,7.88,0,0.265,-0.428,-0.411,0
11891,8.34,10,-0.111,0.031,0.158,1
5963,2.76,1,0.064,-0.32,-0.328,0
7180,4.71,6,-0.127,-0.174,0.127,0
3563,3.03,2,-0.063,0.532,-0.413,0
9886,7.21,8,0.941,0.429,0.278,1
2062,1.44,5,-0.509,0.185,-0.64,0
9456,4.03,4,-0.225,-0.57,0.37,0
10007,3.95,5,-0.117,0.087,0.228,0
7665,9.02,5,0.008,-0.228,-0.144,1
8430,0.5,7,-0.084,-0.246,-0.33,0
8023,4.96,8,-0.379,-0.173,-0.028,0
3744,5.02,4,0.145,0.452,-0.391,1
7013,3.06,5,0.129,-0.296,-0.27,0
7534,5.07,3,0.197,0.22,-0.159,0
3443,1.21,4,-0.427,0.03,0.365,0
4939,3.39,9,0.453,-0.229,0.042,1
6986,5.61,9,0.026,0.071,0.207,0
9569,7.81,5,-0.468,-0.146,0.246,0
6751,7.48,9,-0.353,0.341,-0.099,1
8806,4.88,10,0.039,-0.192,0.126,0
6971,8.41,5,0.743,-0.033,-0.03,1
4188,5.26,4,0.084,0.02,-0.183,0
3355,3.87,7,0.407,-0.023,-0.282,1
5756,11.27,6,0.165,0.289,0.462,1
2541,3.82,2,0.176,0.048,0.227,0
4479,9.12,3,0.208,0.359,0.335,1
7082,7.46,9,0.154,-0.219,0.175,1
5888,0.5,5,0.035,0.347,-0.225,0
1482,5.51,5,0.028,0.006,-0.321,1
5583,3.95,7,0.114,-0.083,0.517,0
5193,6.67,3,0.489,0.026,0.035,0
5580,5.59,7,0.254,0.008,0.51,1
8618,3.69,0,-0.125,0.124,0.179,0
10077,1.72,2,-0.353,-0.402,-0.188,0
7099,7.31,1,-0.243,-0.534,0.064,0
3803,9.99,5,-0.051,-0.192,-0.448,1
1896,3.13,1,-0.3,0.113,0.154,0
4624,10.81,0,0.017,-0.066,-0.165,1
3907,4.98,3,-0.118,-0.39,-0.485,0
5134,3.79,3,-0.033,-0.157,-0.064,0
3439,9.57,1,-0.111,-0.217,-0.222,1
6073,4.69,2,-0.085,-0.216,0.121,0
12165,2.38,5,0.013,0.201,0.209,0
6616,4.88,2,-0.229,-0.029,-0.385,0
4218,8.32,4,0.268,0.441,-0.053,1
6621,4.09,1,-0.286,0.253,0.063,0
11539,7.92,1,0.252,-0.092,0.365,0
4540,1.84,1,-0.223,-0.252,-0.172,0
8570,10.39,0,0.379,-0.143,0.104,0
1037,6.57,0,0.094,0.077,0.057,1
3795,6.65,5,-0.063,0.202,-0.029,1
7586,4.62,4,0.172,-0.119,-0.37,0
6828,8.57,4,0.095,-0.013,0.222,0
5442,3.64,7,-0.159,0.267,0.332,0
7700,1.25,4,-0.061,-0.149,0.043,0
8307,3.62,3,-0.072,0.349,-0.077,0
2296,0.5,5,-0.228,0.201,-0.399,0
4383,1.01,5,0.195,0.102,-0.326,0
3762,5.7,0,-0.072,0.455,-0.054,0
1534,3.18,2,0.642,0.5,0.219,1
4970,8.6,0,0.323,0.278,-0.045,0
9417,3.66,0,0.293,-0.026,0.181,0
11462,2.83,3,0.471,0.201,-0.21,0
3134,3.42,1,0.071,0.024,0.084,0
3477,4.79,0,0.044,0.353,-0.427,0
7450,3.17,6,0.048,0.121,0.019,0
9984,6.04,1,0.03,-0.111,0.049,0
4740,2.97,4,0.017,0.319,-0.124,0
57,3.91,0,0.125,-0.502,-0.297,1
4912,9.63,0,0.004,0.174,0.445,1
8333,8.28,6,-0.363,0.108,0.255,0
3130,3.26,1,0.232,-0.021,-0.096,0
2154,4.8,2,0.073,-0.343,0.053,0
4683,1.25,0,-0.353,-0.062,0.036,0
6809,5.92,1,0.318,-0.133,0.135,0
5507,6.13,3,0.118,-0.002,0.244,0
3543,0.5,1,0.321,-0.046,0.028,0
2839,5.2,0,-0.263,-0.121,0.134,0
7655,6.74,0,-0.002,-0.059,-0.46,0
6047,4.25,5,0.024,-0.165,0.278,0
0,4.81,0,-0.274,0.157,-0.382,1
1728,12.15,0,0.495,-0.052,-0.157,1
7700,9.01,0,-0.153,0.254,0.086,0
9305,6.55,9,0.054,0.067,0.097,0
5572,7.54,4,0.236,0.283,0.129,1
7505,1.97,2,0.253,0.427,-0.582,0
4296,5.07,1,-0.247,0.142,0.474,0
0,4.49,5,0.234,0.096,0.528,1
6086,8.94,2,0.017,-0.364,0.27,1
5638,6.07,3,0.176,0.119,-0.298,0
3189,4.92,5,0.559,0.091,0.302,1
1161,11.04,5,-0.015,-0.049,-0.332,1
3536,10.73,1,-0.302,-0.211,-0.359,1
6045,8.27,2,-0.412,0.088,-0.017,0
9008,3.64,3,-0.045,0.027,-0.118,0
4336,0.5,2,0.215,0.255,-0.141,0
9898,4.91,0,-0.496,0.365,-0.112,0
2357,0.5,2,0.121,-0.209,-0.316,0
4351,8.73,0,-0.193,0.363,0.148,1
6537,3.05,4,-0.161,-0.258,-0.324,0
8352,4.82,4,0.046,0.132,-0.076,0
4555,2.55,0,-0.337,-0.11,-0.481,0
1853,8.13,4,-0.136,0.681,-0.494,1
8926,4.67,6,0.033,-0.562,0.029,0
7006,0.5,9,0.093,0.202,-0.35,0
8071,8.27,4,-0.003,-0.268,-0.065,0
4463,6.72,1,0.169,-0.252,-0.079,0
7848,2.89,5,0.166,-0.081,0.349,0
6233,8.31,9,-0.072,0.193,-0.191,1
2901,4.41,0,-0.281,0.177,-0.154,0
8131,5.9,9,0.157,0.334,0.121,0
6934,8.49,6,0.063,0.062,0.161,1
3985,2.86,8,0.559,-0.279,-0.201,1
9427,6.6,6,0.269,-0.072,0.099,0
6756,2.42,4,0.371,-0.1,0.046,0
6620,4.15,6,-0.204,0.4,0.188,0
3189,10.09,4,-0.217,0.331,0.148,1
684,3.42,4,-0.648,0.026,0.047,1
2449,5.81,4,-0.357,0.276,0.251,1
5130,4.4,6,-0.06,-0.579,0.146,0
3560,3.83,8,-0.04,0.001,0.153,1
7516,2.24,3,0.011,0.082,0.087,0
13762,1.47,6,0.355,0.148,-0.195,0
10994,0.5,1,0.352,-0.111,0.479,0
1464,1.66,2,0.125,-0.067,-0.147,0
10261,9.54,2,-0.513,-0.647,0.072,0
7967,5.19,3,-0.241,0.196,0.503,0
0,4.77,1,-0.447,-0.339,0.114,1
7214,9.38,4,-0.527,-0.071,-0.416,1
2379,6.74,4,0.176,-0.107,0.237,1
4759,8.35,5,-0.062,0.064,-0.005,1
10788,5.74,3,-0.072,0.253,0.212,0
5178,1.53,1,-0.055,0.405,-0.075,0
4217,0.5,8,0.171,0.239,0.289,0
5505,5.25,8,0.054,0.176,0.261,1
7928,4.62,3,0.233,0.233,0.35,0
7653,6.79,2,-0.174,0.234,-0.172,0
5937,9.14,7,0.091,-0.089,-0.037,1
8602,4.89,2,0.365,0.054,-0.173,0
7436,7.91,0,-0.06,-0.074,0.136,0
7896,3.35,0,0.31,-0.336,0.081,0
5604,5.49,8,0.911,-0.49,0.295,1
5531,8.14,6,0.423,0.085,-0.267,1
8782,5.35,3,-0.143,0.302,0.481,0
2413,6.87,2,-0.44,0.044,-0.25,1
1266,2.65,0,-0.194,-0.398,-0.119,0
3860,6.13,5,0.078,-0.071,-0.079,1
3488,2.56,6,-0.528,-0.024,-0.097,0
7797,0.72,4,0.103,-0.571,-0.322,0
5724,6.54,4,0.168,-0.324,-0.477,0
6253,1.31,1,0.28,0.057,-0.17,0
3905,6.86,4,-0.364,-0.584,0.565,1
2332,6.58,8,0.044,-0.18,-0.428,1
1679,6.13,8,-0.119,-0.167,0.209,1
3942,5.82,4,-0.123,-0.005,0.529,1
7813,8.28,1,0.329,0.192,-0.45,0
7619,3.46,0,0.039,0.162,0.045,0
5672,4.01,11,-0.355,0.262,0.005,1
3436,4.85,0,-0.179,-0.014,-0.465,0
7519,2.11,0,-0.324,0.653,-0.593,0
7308,2.75,2,0.181,0.166,-0.204,0
1926,6.87,5,-0.085,0.133,-0.134,1
3518,5.01,5,0.093,0.153,-0.228,1
10745,3.97,3,-0.396,-0.058,0.16,0
8287,9.69,5,0.083,-0.134,-0.199,1
8910,7.85,0,0.217,0.195,-0.334,0
7621,1.85,0,-0.048,0.077,-0.035,0
14601,6.14,4,0.129,-0.132,0.279,0
7083,5.95,2,-0.469,-0.15,0.085,0
4665,5.88,3,0.129,-0.293,0.058,0
4077,0.5,3,0.461,-0.438,0.036,0
8392,11.9,2,-0.19,-0.35,0.342,1
3397,3.89,0,0.265,0.347,0.254,0
1184,6.82,0,0.017,0.062,0.093,1
7603,4.98,0,0.161,0.029,-0.271,0
1291,9.62,7,0.212,-0.203,-0.755,1
8294,6.1,2,0.337,0.254,0.053,0
6105,5.15,6,-0.257,0.128,-0.276,0
10009,6.6,1,0.024,-0.256,0.451,0
10868,7.09,8,0.046,0.229,0.367,0
5982,5.21,6,0.194,-0.227,-0.656,0
5473,0.5,1,-0.262,-0.171,0.246,0
9113,6.53,5,0.197,-0.749,0.003,0
610,6.53,0,-0.054,0.164,-0.335,1
8885,6.52,5,0.209,-0.108,0.046,0
6030,4.96,1,-0.373,-0.101,-0.118,0
3789,7.56,0,-0.051,0.35,0.273,0
9648,3.23,6,-0.319,-0.083,-0.055,0
4272,3.91,2,-0.295,0.257,-0.055,0
6604,5.49,4,0.028,-0.092,0.426,0
8282,5.06,2,-0.036,0.125,0.45,0
1880,6.98,7,-0.446,-0.054,-0.319,1
7291,3.92,3,-0.123,0.216,0.069,0
6692,5.48,5,-0.079,0.51,-0.37,0
822,0.5,0,0.202,0.165,0.362,0
2830,7.24,4,0.05,0.188,-0.227,1
13761,9.0,2,-0.327,-0.026,0.055,0
9196,1.49,4,-0.459,0.131,-0.032,0
11810,0.5,8,-0.511,-0.398,-0.503,0
6751,1.48,0,0.061,0.136,0.012,0
5513,10.49,4,0.242,0.043,-0.329,1
7649,3.03,3,0.092,-0.582,-0.483,0
8728,3.01,2,0.05,-0.116,0.125,0
5846,5.6,1,0.058,0.332,-0.17,0
8745,4.85,6,0.039,-0.01,0.105,0
9640,5.71,5,-0.111,0.471,0.192,0
6233,4.63,6,-0.182,-0.535,0.022,0
9570,9.77,3,0.013,0.156,-0.079,0
7549,4.74,7,0.217,0.243,-0.062,0
11777,6.45,4,-0.228,-0.029,0.034,0
3636,4.12,3,0.017,-0.529,-0.041,0
4867,4.94,7,0.616,0.204,-0.37,1
4963,6.79,5,0.296,-0.029,-0.109,1
11257,5.18,0,0.443,-0.449,-1.049,0
8308,7.73,5,-0.391,-0.018,-0.083,0
4388,9.24,0,0.095,0.358,0.114,1
9723,6.69,5,0.11,0.184,-0.116,0
2094,7.86,7,0.076,-0.165,-0.467,1
6257,0.95,0,-0.006,-0.229,0.104,0
5522,3.18,0,-0.256,-0.245,-0.368,0
5012,1.56,3,0.072,-0.248,0.128,0
1915,1.66,3,0.206,0.26,0.484,0
4870,4.62,0,-0.376,0.069,-0.233,0
9697,0.61,5,-0.302,-0.246,0.162,0
3972,3.45,1,0.536,-0.185,0.015,0
5394,5.66,2,-0.06,0.118,-0.259,0
9267,8.56,5,0.021,-0.897,0.127,0
4826,4.26,0,0.148,-0.435,0.036,0
8713,3.59,7,-0.224,0.18,-0.391,0
9093,7.63,5,-0.118,-0.421,-0.117,0
9330,5.39,0,-0.337,0.376,0.146,0
2297,0.5,2,-0.555,-0.047,0.735,0
1209,4.44,7,0.225,-0.045,-0.044,1
2532,4.2,4,0.332,-0.186,-0.057,1
3152,5.68,6,0.189,-0.351,0.044,1
3968,8.03,3,-0.456,-0.066,0.138,1
6732,3.46,2,-0.296,-0.118,-0.257,0
8910,2.3,4,0.016,0.284,0.327,0
8087,6.06,0,-0.321,-0.254,0.226,0
6219,7.61,7,-0.218,0.01,-0.004,1
5016,3.4,7,0.016,0.004,-0.241,0
8025,1.98,5,0.145,-0.124,0.095,0
6557,4.88,4,0.019,0.039,0.018,0
2688,4.54,4,0.029,0.286,0.186,1
3388,4.5,3,-0.001,-0.001,0.183,0
6531,8.69,4,-0.249,-0.14,0.181,1
1157,0.96,4,0.285,0.392,-0.065,0
9182,5.22,0,-0.002,-0.186,0.275,0
5922,1.17,0,-0.006,-0.726,-0.155,0
6693,1.83,6,0.357,-0.305,-0.089,0
8984,5.0,0,-0.043,-0.256,0.332,0
7817,4.06,4,-0.392,-0.226,0.466,0
6160,7.79,4,0.394,-0.6,-0.056,1
10934,7.87,7,-0.002,-0.161,-0.308,0
2709,7.42,5,-0.02,0.152,0.043,1
8886,7.86,0,0.082,-0.501,0.04,0
7812,1.06,2,0.003,0.07,-0.084,0
2483,4.84,0,-0.07,-0.132,-0.04,0
4322,0.5,2,0.279,0.378,0.732,0
11074,1.41,2,-0.007,-0.026,0.021,0
13222,1.75,1,0.493,-0.185,0.118,0
9103,6.46,4,0.282,-0.268,-0.149,0
7606,0.5,8,0.091,0.046,-0.489,0
2140,3.8,6,-0.623,0.237,-0.108,1
5329,5.76,4,-0.214,0.187,-0.696,0
4648,5.46,2,-0.548,0.227,-0.375,0
5797,5.46,4,0.351,-0.016,0.128,0
5832,6.84,8,0.041,0.235,0.437,1
10071,3.84,7,0.075,0.335,0.171,0
6827,6.3,4,0.088,-0.048,-0.076,0
11289,6.43,2,-0.083,0.317,-0.221,0
1553,0.77,0,-0.39,-0.354,0.416,0
5861,3.91,0,-0.043,-0.521,-0.111,0
12193,6.99,3,0.209,-0.156,-0.24,0
11112,1.57,2,0.092,-0.281,0.195,0
5080,6.99,5,-0.073,0.513,-0.2,1
10046,8.52,9,0.052,-0.237,0.623,1
4995,2.56,3,-0.295,0.158,-0.182,0
5137,7.9,5,0.005,0.051,0.004,1
4706,4.99,5,-0.038,0.126,-0.251,0
4188,2.8,2,0.386,0.218,-0.323,0
7312,3.83,1,-0.446,0.292,-0.409,0
5844,2.16,6,-0.1,-0.04,-0.03,0
6907,5.04,3,-0.156,-0.472,-0.336,0
8155,4.08,2,-0.422,-0.516,-0.211,0
8664,3.33,5,-0.181,0.192,-0.106,0
2304,4.19,9,0.537,0.146,-0.041,1
6911,5.95,3,0.132,0.062,-0.095,0
2414,3.62,6,-0.009,0.09,-0.085,1
2821,4.28,0,-0.326,0.362,-0.126,0
3775,9.85,6,-0.111,0.128,-0.071,1
3921,6.42,3,0.023,0.306,0.273,1
4349,6.46,0,0.135,0.045,0.114,0
5107,11.25,1,0.291,-0.31,0.151,1
7727,5.16,2,0.042,0.08,0.537,0
3382,3.33,4,-0.077,-0.03,0.321,0
0,3.21,0,-0.359,0.721,0.179,1
8854,4.76,6,-0.53,0.311,-0.246,0
4406,6.52,4,0.025,-0.409,0.03,1
8881,3.4,7,-0.262,0.002,0.461,0
3955,8.16,9,0.051,-0.158,-0.232,1
9913,8.83,8,-0.01,0.311,-0.015,0
3350,8.37,8,-0.306,-0.312,0.012,1
8868,1.6,4,-0.177,0.21,-0.239,0
8315,4.53,1,0.019,-0.581,-0.168,0
7012,0.5,0,-0.702,0.398,-0.023,0
4402,7.84,2,0.081,0.008,-0.141,0
6882,7.32,3,-0.138,-0.103,-0.689,0
6849,1.37,5,-0.027,0.032,0.21,0
3220,6.11,4,-0.055,-0.278,0.179,1
8110,5.34,0,-0.158,-0.018,0.207,0
1249,3.31,2,-0.025,-0.39,-0.065,0
5068,1.89,3,-0.162,0.149,-0.266,0
6269,2.57,2,0.089,0.07,-0.125,0
5191,0.64,8,0.206,0.195,-0.479,0
4213,4.0,0,0.267,0.436,0.619,0
2862,5.35,7,-0.076,-0.17,-0.56,1
9397,4.94,1,0.085,0.046,0.05,0
5348,9.87,3,0.486,0.169,0.105,1
5660,7.92,4,-0.28,-0.29,0.127,1
3277,4.81,7,0.091,-0.217,0.423,1
7643,8.05,0,0.099,0.253,0.51,0
1608,8.62,8,-0.605,0.144,0.185,1
5018,3.53,6,-0.184,-0.065,0.244,0
11262,6.61,4,-0.155,-0.303,0.333,0
5539,8.45,3,-0.195,0.126,-0.023,1
2383,10.45,2,0.278,0.253,-0.378,1
2992,4.1,1,0.518,-0.06,0.267,0
7540,5.79,4,0.371,-0.248,0.518,0
2138,7.34,0,-0.095,0.028,-0.146,1
5454,0.84,1,0.149,0.009,-0.207,0
9972,1.34,2,-0.152,0.185,0.014,0
5675,0.5,6,-0.065,0.035,-0.225,0
3282,9.5,0,-0.316,0.444,0.192,1
5023,8.74,5,0.07,0.068,0.14,1
7517,11.59,3,-0.049,-0.371,-0.016,1
11588,7.95,2,0.009,-0.389,-0.291,0
6448,3.52,0,0.147,-0.025,-0.47,0
0,3.29,0,-0.561,0.339,-0.029,0
5203,4.43,0,0.123,-0.039,-0.227,0
4177,1.32,2,-0.072,-0.13,0.017,0
5764,5.69,6,0.178,0.286,-0.254,0
4474,6.96,6,-0.204,0.183,-0.283,1
7443,4.92,0,-0.13,0.655,0.061,0
12901,0.67,6,-0.76,-0.0,0.189,0
8513,2.6,7,-0.16,-0.049,-0.13,0
2590,9.71,4,0.326,0.313,-0.29,1
9648,6.51,0,0.135,-0.307,0.482,0
8441,4.79,7,-0.475,-0.225,-0.076,0
12707,1.79,0,-0.433,0.272,-0.178,0
5522,7.29,3,0.061,0.161,-0.129,0
5501,5.73,6,-0.238,-0.906,0.204,1
8783,5.6,4,-0.169,0.15,0.256,0
6169,12.47,0,0.049,-0.352,0.264,1
1255,1.0,2,0.08,-0.179,-0.176,0
5457,4.27,8,0.206,-0.097,0.629,1
7474,2.09,4,0.161,-0.206,-0.316,0
6259,3.92,8,0.222,-0.192,0.128,0
9801,0.82,0,-0.003,0.011,-0.016,0
5067,4.02,5,0.34,-0.144,0.732,0
11882,8.99,5,0.602,-0.087,-0.25,0
4422,1.99,4,0.09,0.06,-0.004,0
6399,10.21,5,0.277,0.057,-0.485,1
558,11.25,2,-0.185,0.074,0.165,1
8030,10.32,8,-0.243,0.291,-0.115,1
5587,1.72,0,-0.009,-0.287,0.278,0
5156,5.93,8,-0.446,-0.217,0.054,1
6937,8.31,6,0.029,0.091,0.099,1
1590,4.53,4,0.138,-0.277,-0.381,1
5296,10.9,1,0.352,0.475,0.014,1
3960,6.54,4,-0.258,-0.198,0.136,1
8800,4.03,3,0.201,-0.052,-0.09,0
3733,2.68,12,-0.059,0.41,0.505,1
5449,6.11,4,-0.484,-0.466,0.015,0
4725,10.67,3,0.585,-0.143,0.574,1
7519,6.69,2,0.173,0.508,-0.043,0
4981,4.26,8,0.257,0.434,0.094,1
6117,6.27,7,-0.074,0.411,0.11,1
0,7.65,0,0.258,0.27,0.099,1
7631,8.3,2,0.238,0.349,0.528,0
2682,6.23,1,-0.301,0.108,0.023,0
9435,3.96,3,0.063,-0.259,-0.217,0
9348,3.35,7,0.182,-0.464,0.159,0
7567,6.27,3,-0.282,0.404,-0.03,0
3349,6.37,1,-0.285,-0.113,-0.2,0
3263,7.42,3,0.376,-0.256,-0.518,1
6446,10.57,5,0.965,0.1,0.071,1
0,6.28,4,-0.122,-0.041,-0.02,1
5460,11.27,2,0.051,-0.121,0.235,1
6530,4.16,0,0.073,-0.093,-0.018,0
2452,9.3,6,0.429,0.344,0.178,1
2573,10.53,1,-0.081,0.212,0.227,1
7716,3.8,2,0.76,-0.012,-0.049,0
3859,5.73,4,-0.005,0.115,0.529,1
4214,5.13,2,0.088,-0.171,-0.158,0
1621,5.29,5,0.558,0.141,-0.135,1
1920,1.34,0,0.563,0.086,-0.175,0
3120,2.43,2,0.395,-0.009,-0.434,0
12931,1.58,2,0.393,0.125,-0.141,0
2305,2.1,1,0.002,0.057,-0.045,0
5882,1.85,4,0.384,-0.049,-0.055,0
6249,8.35,1,0.435,0.126,0.009,0
9639,1.45,5,0.129,-0.281,0.138,0
6849,4.46,6,-0.172,0.081,-0.04,0
4155,6.51,3,-0.442,-0.54,0.237,1
2338,5.84,4,-0.111,0.587,0.054,1
8266,5.85,3,-0.006,0.438,0.326,0
11855,5.66,1,-0.132,-0.356,0.23,0
4242,0.5,11,-0.171,-0.173,0.501,0
2375,8.41,2,-0.397,0.512,0.277,1
8760,6.1,5,-0.37,0.033,-0.279,0
1833,6.23,7,-0.115,-0.064,-0.341,1
6021,7.28,6,0.164,-0.186,-0.195,1
8386,7.44,3,-0.128,0.35,-0.108,0
8237,4.59,0,0.484,0.036,-0.213,0
1827,1.13,2,0.578,-0.175,0.434,0
5607,1.46,2,-0.384,-0.257,-0.266,0
288,9.54,4,-0.206,0.067,-0.251,1
0,13.87,4,-0.177,-0.58,-0.448,1
10963,9.51,6,-0.335,0.453,0.135,0
7964,6.34,0,-0.359,-0.153,0.193,0
1858,4.47,3,0.238,0.202,-0.303,1
10340,1.51,7,-0.165,0.049,0.068,0
6593,7.02,5,0.235,0.139,-0.379,0
6809,3.31,0,-0.087,0.055,0.075,0
9168,8.92,5,0.155,0.029,0.23,0
7460,4.84,10,-0.164,0.436,-0.406,1
8440,9.31,0,0.042,0.215,0.076,0
7134,5.41,0,0.71,-0.151,0.13,0
4059,0.5,1,-0.434,0.327,-0.182,0
4457,1.81,4,-0.215,0.298,0.091,0
4284,7.55,4,0.006,-0.439,-0.021,1
6964,9.0,1,0.683,0.167,-0.456,0
3464,9.26,7,0.005,0.045,-0.349,1
9964,2.04,6,0.406,0.014,0.29,0
11542,5.8,3,-0.02,-0.223,-0.23,0
7327,4.51,4,-0.447,-0.028,0.309,0
2643,5.05,0,-0.392,0.242,-0.093,0
11466,6.3,5,-0.323,-0.116,-0.22,0
2803,6.99,6,0.12,-0.248,0.099,1
261,8.97,0,-0.336,0.035,0.061,1
5781,1.67,7,-0.506,-0.445,-0.032,0
2207,8.67,0,0.467,0.311,0.371,1
11661,5.24,0,-0.031,-0.17,-0.213,0
6452,4.06,1,-0.074,0.165,0.287,0
1191,4.09,3,-0.355,-0.036,0.044,1
7556,5.23,1,0.604,0.249,0.166,0
9014,5.73,7,0.017,0.001,0.191,0
10729,9.54,5,0.155,0.209,0.296,0
9896,4.29,7,0.103,0.195,0.415,0
8241,7.75,2,0.449,0.209,0.038,0
9303,12.76,0,-0.241,0.806,0.128,0
6572,4.65,7,0.783,-0.2,-0.029,0
4947,7.2,7,0.486,0.23,0.756,1
4275,2.5,8,0.037,-0.413,-0.095,0
6766,3.06,0,-0.062,-0.319,0.191,0
168,5.27,5,-0.027,0.328,-0.411,1
3896,4.01,6,0.066,0.643,-0.242,1
1815,10.37,0,0.205,-0.294,-0.621,1
4875,7.7,0,0.173,0.229,-0.382,0
5316,9.73,5,-0.078,0.125,-0.206,1
9341,8.34,4,0.069,-0.3,-0.406,0
4870,4.74,7,0.277,0.055,0.357,1
3169,8.23,1,0.372,-0.004,-0.599,1
8190,7.43,2,-0.111,-0.048,-0.578,0
0,8.9,1,0.557,0.411,0.47,1
4049,0.5,0,-0.134,-0.712,-0.143,0
5394,1.12,0,-0.066,0.107,-0.267,0
6876,5.41,4,-0.196,-0.4,0.509,0
7890,8.02,3,-0.049,0.147,-0.55,0
2656,2.61,2,-0.264,0.1,0.024,0
10178,12.42,0,0.044,0.044,-0.004,0
2745,2.25,4,-0.284,0.048,-0.074,0
6424,2.14,4,-0.264,0.048,0.402,0
6782,5.97,6,-0.421,0.516,-0.317,1
8638,7.24,1,0.303,0.149,0.567,0
6580,4.67,2,-0.523,-0.095,-0.083,0
6786,0.73,3,0.173,0.203,-0.558,0
8119,4.26,3,-0.709,0.448,0.053,0
1405,6.13,5,0.367,-0.093,0.004,1
4071,6.79,1,-0.268,-0.02,-0.368,0
10806,10.78,2,-0.416,0.101,-0.145,0
9524,2.64,5,0.034,-0.203,0.072,0
8635,5.26,4,-0.262,0.343,0.313,0
4768,4.63,8,-0.34,0.181,-0.168,1
11334,5.19,7,-0.228,-0.375,-0.07,0
6788,3.47,6,-0.063,-0.624,0.166,0
3352,3.92,8,0.532,-0.173,0.173,1
4343,4.14,2,-0.517,0.029,0.086,0
3986,8.26,2,-0.191,0.158,-0.463,1
8720,3.79,6,0.386,0.192,-0.244,0
2247,0.7,7,-0.04,-0.18,-0.04,0
9241,7.34,5,0.191,0.054,0.091,0
6663,5.0,6,0.108,-0.264,0.159,0
6741,6.83,3,0.244,-0.018,0.217,0
4630,3.84,5,-0.1,0.662,0.17,0
6074,7.46,2,0.277,0.269,0.376,0
4677,1.33,2,-0.084,0.5,0.659,0
7033,5.03,2,0.247,0.657,0.536,0
9413,8.37,6,-0.014,-0.221,-0.006,0
7267,0.64,3,-0.248,0.304,-0.165,0
6984,2.9,8,-0.51,0.143,-0.383,0
4472,5.62,4,0.069,0.046,-0.193,0
5507,5.09,4,-0.02,0.219,0.028,0
6603,3.85,0,0.046,0.362,0.133,0
3547,7.44,2,0.214,-0.111,0.106,1
4444,3.52,0,0.154,0.111,0.128,0
6825,2.71,6,0.298,-0.236,0.16,0
8624,3.59,3,0.16,-0.453,-0.327,0
3030,0.5,7,-0.596,0.103,0.244,0
5119,2.99,4,0.001,0.301,-0.789,0
3243,6.68,4,0.226,0.079,-0.04,1
5093,11.98,8,0.149,0.024,0.161,1
8480,6.26,1,0.535,0.074,0.604,0
6561,4.26,8,0.09,0.04,-0.36,0
7980,3.52,2,-0.147,0.132,-0.461,0
5367,7.94,0,0.052,-0.189,-0.121,0
10965,0.5,6,-0.143,-0.158,-0.333,0
8261,4.43,3,0.033,-0.051,-0.6,0
4527,7.69,0,-0.327,-0.128,-0.218,0
5916,1.72,2,-0.014,0.195,0.373,0
5215,10.66,3,0.249,0.579,0.042,1
1879,5.27,2,-0.082,0.595,-0.367,1
6901,2.37,3,0.223,0.095,-0.068,0
4050,5.95,9,-0.27,0.573,0.36,1
10108,5.93,7,-0.303,-0.2,0.23,0
6887,4.55,0,-0.131,-0.352,0.148,0
5426,3.12,11,0.311,0.317,0.661,1
8406,2.69,1,0.289,-0.618,-0.023,0
0,5.3,6,0.084,0.281,0.589,1
5569,13.42,4,0.285,-0.183,0.486,1
9125,9.41,4,-0.377,0.138,-0.509,0
4991,5.57,11,0.096,0.042,-0.019,1
1973,5.26,4,-0.291,-0.356,-0.144,1
6194,3.63,0,0.087,0.162,0.036,0
4311,6.78,3,-0.357,0.311,0.106,1
5642,0.5,1,0.606,-0.453,-0.075,0
5950,5.96,0,0.052,-0.506,0.029,0
4042,2.4,6,-0.071,0.142,0.152,0
9809,1.38,6,0.005,-0.113,-0.345,0
7819,2.23,5,0.578,0.294,0.417,0
3842,7.29,0,-0.07,0.522,-0.182,0
9334,8.05,7,-0.38,0.158,-0.047,0
9265,0.5,5,0.068,-0.597,-0.266,0
509,2.82,5,0.059,0.051,-0.312,1
9361,4.94,4,0.282,-0.297,0.069,0
7270,3.36,5,0.143,-0.03,-0.04,0
7570,7.37,4,0.336,0.198,-0.537,0
1785,8.55,3,0.049,0.342,-0.002,1
6111,2.39,5,0.176,-0.173,-0.277,0
13878,4.72,1,0.212,-0.015,-0.326,0
7449,2.44,8,0.148,-0.083,0.033,0
8709,5.56,10,0.341,0.146,-0.281,0
5559,6.44,1,0.388,-0.292,-0.191,0
4313,7.23,1,-0.54,0.326,-0.133,1
2794,2.74,9,-0.197,-0.037,-0.134,1
2302,2.77,0,0.287,0.03,0.745,0
3873,2.42,8,0.317,0.115,-0.334,1
11234,4.78,2,0.343,-0.007,-0.35,0
6120,2.66,0,-0.265,-0.158,-0.347,0
7725,2.67,5,-0.37,0.273,-0.383,0
0,8.71,1,0.527,0.169,0.237,1
9136,5.34,4,0.384,0.033,-0.218,0
7757,0.5,7,0.402,0.359,0.348,0
5747,4.68,0,0.524,-0.146,0.102,0
6762,0.98,0,0.002,-0.136,-0.027,0
9196,5.67,6,0.134,-0.095,-0.301,0
6794,5.25,6,-0.045,-0.089,-0.069,0
3243,9.34,7,-0.364,0.241,-0.554,1
8955,2.91,5,-0.579,-0.36,0.141,0
3897,2.48,8,0.663,0.281,-0.328,1
11290,0.5,3,0.016,0.577,0.274,0
4608,2.17,7,-0.16,0.065,-0.411,0
7707,6.47,0,0.309,0.166,0.222,0
4863,5.54,4,-0.044,0.051,0.377,0
9224,1.45,6,0.357,-0.045,0.153,0
7482,2.45,2,0.225,-0.149,0.293,0
9914,8.43,9,-0.027,0.053,0.096,0
5818,6.63,0,0.061,-0.413,-0.289,0
8198,4.4,6,-0.066,0.332,-0.072,0
135,5.68,0,-0.436,-0.265,-0.302,1
4364,1.87,0,0.463,-0.203,-0.669,0
4917,1.63,1,0.213,-0.134,-0.346,0
7338,8.45,5,-0.736,-0.334,0.014,1
5267,4.02,1,-0.422,0.602,0.008,0
7926,5.02,4,-0.019,-0.336,-0.454,0
7158,5.56,6,0.221,-0.243,0.34,0
8295,7.07,10,0.613,0.207,0.17,1
9244,3.25,2,0.202,-0.257,0.178,0
6470,2.43,4,0.392,0.025,0.026,0
6986,6.38,3,0.105,-0.315,-0.24,0
3986,6.41,4,-0.04,0.207,0.114,1
5130,1.89,1,-0.44,0.042,-0.259,0
4514,4.62,7,0.279,-0.016,0.38,1
0,10.63,6,0.031,-0.267,-0.131,1
7828,6.9,6,-0.219,-0.279,0.059,0
8309,5.01,8,0.01,-0.0,0.201,0
9657,0.95,0,-0.094,0.948,-0.078,0
5634,6.86,6,0.051,0.349,-0.358,1
3701,8.49,4,-0.379,-0.397,-0.243,1
6006,6.4,3,0.115,-0.131,0.367,0
13655,3.82,5,0.12,0.042,0.196,0
7436,3.59,7,0.06,-0.115,0.733,0
5651,5.76,4,-0.039,0.135,-0.253,0
7789,0.5,0,0.548,-0.377,-0.588,0
2305,10.22,0,-0.287,-0.437,-0.082,1
4691,3.56,9,-0.36,-0.031,0.102,1
3059,6.46,2,0.112,-0.032,-0.615,1
9918,11.21,3,-0.269,0.452,0.567,1
5493,4.34,3,-0.502,-0.087,0.514,0
5493,1.88,5,-0.2,-0.02,-0.381,0
2890,7.21,4,-0.233,0.036,-0.182,1
3648,8.49,6,-0.006,0.043,-0.003,1
7461,2.6,6,0.106,-0.079,-0.146,0
8523,4.55,1,-0.115,0.231,-0.483,0
4933,8.21,3,0.082,0.326,0.268,1
4679,4.61,6,0.282,-0.026,-0.016,0
6803,9.1,7,0.208,-0.324,-0.082,1
5333,9.26,3,0.376,-0.171,-0.147,1
7444,9.7,3,-0.769,-0.469,0.089,1
1575,2.4,4,-0.735,-0.114,-0.349,1
1502,2.59,0,0.141,0.359,-0.109,0
4211,3.76,0,-0.387,-0.494,-0.399,0
10895,2.93,0,-0.176,-0.477,0.018,0
5854,5.17,3,-0.112,-0.437,-0.022,0
9056,10.44,3,-0.039,0.15,0.448,0
4541,7.08,1,0.099,0.291,-0.387,0
4424,7.86,5,0.311,0.255,-0.102,1
12597,5.41,0,-0.085,-0.141,0.239,0
4646,8.3,5,-0.3,-0.042,-0.233,1
6554,2.66,4,-0.082,-0.046,0.615,0
4918,0.5,7,0.302,-0.594,-0.21,0
7307,6.57,3,0.005,-0.282,-0.72,0
12148,2.09,4,-0.048,0.269,0.034,0
6460,0.5,1,0.223,0.196,-0.285,0
1265,5.38,0,-0.345,0.528,0.434,1
7461,5.92,0,-0.222,-0.089,-0.216,0
4949,8.9,2,-0.102,0.222,-0.426,1
3479,2.79,4,-0.103,-0.094,-0.199,0
2787,6.83,2,0.186,-0.333,-0.2,1
5336,4.62,6,-0.129,0.224,0.112,0
5679,2.15,6,-0.278,-0.006,-0.016,0
5378,3.83,1,-0.485,0.421,-0.148,0
5615,4.6,7,0.58,0.048,-0.047,0
2629,0.67,0,-0.239,-0.627,0.324,0
7269,4.25,7,-0.321,-0.246,-0.58,0
8323,2.57,4,0.301,0.411,-0.009,0
7152,2.29,9,-0.05,0.024,-0.122,0
9597,5.6,6,0.106,-0.066,0.279,0
7035,2.12,1,0.045,0.272,0.492,0
668,5.08,5,0.089,0.303,0.197,1
3043,1.96,4,0.297,0.043,-0.473,0
2858,7.07,2,0.035,0.32,-0.361,1
4757,3.43,5,0.232,-0.444,-0.002,0
8607,0.5,3,-0.365,-0.192,-0.752,0
10178,3.93,1,0.098,-0.313,-0.341,0
10530,10.43,2,0.32,0.107,-0.424,0
3215,9.65,0,0.684,-0.171,0.474,1
5083,7.4,8,0.417,-0.175,-0.257,1
5756,1.1,4,-0.246,0.325,-0.171,0
773,9.2,4,0.009,0.328,0.261,1
3714,3.65,0,-0.439,0.174,0.118,0
8282,8.84,6,0.259,-0.623,-0.092,1
8893,1.5,4,0.156,0.133,0.111,0
7796,5.54,0,0.152,0.085,-0.435,0
10139,6.6,0,-0.245,-0.169,-0.169,0
6879,2.07,7,0.314,0.186,0.013,0
8812,4.17,1,0.357,0.095,-0.205,0
4746,2.79,10,0.001,0.047,0.216,1
2353,8.29,2,0.549,-0.094,0.311,1
0,1.47,3,-0.609,0.18,0.094,0
3027,4.95,6,-0.631,-0.382,-0.101,1
6071,4.82,6,0.143,0.209,-0.417,0
6434,4.08,8,0.052,-0.201,0.256,0
7689,2.54,2,-0.099,0.368,0.061,0
8180,3.52,5,0.391,-0.108,0.035,0
1910,2.7,2,-0.318,0.397,-0.251,0
8360,5.56,4,0.446,-0.678,-0.059,0
2758,0.5,0,0.005,-0.218,0.269,0
5358,4.03,3,-0.03,-0.126,-0.255,0
8967,3.13,2,0.129,0.096,-0.268,0
8264,6.61,4,-0.129,-0.122,-0.061,0
2304,4.88,6,0.263,-0.114,0.319,1
11717,4.05,6,-0.679,-0.377,0.027,0
2979,11.12,5,0.29,-0.009,-0.301,1
4443,5.76,2,0.201,0.213,0.001,0
523,10.14,3,0.813,0.196,-0.063,1
7343,0.5,7,0.77,-0.627,-0.086,0
5683,7.63,10,0.115,0.643,0.051,1
7354,5.98,7,-0.127,0.245,-0.369,0
5146,3.09,4,-0.095,0.34,-0.264,0
806,0.93,6,-0.291,0.119,-0.088,0
8472,4.31,12,0.569,-0.095,-0.136,0
15396,1.76,3,0.007,-0.001,-0.522,0
7489,2.09,8,-0.437,0.018,-0.665,0
0,2.48,1,0.44,-0.012,0.388,0
4860,6.82,1,-0.238,-0.546,0.101,0
6786,7.33,4,0.608,0.053,0.298,0
5027,2.27,6,-0.027,0.25,0.106,0
3620,8.22,1,0.188,0.384,-0.115,1
9467,6.19,6,-0.251,0.064,-0.422,0
11133,0.5,2,-0.28,0.202,0.577,0
7964,13.88,0,-0.39,-0.268,0.036,0
2919,2.75,5,-0.372,-0.34,-0.12,0
5086,8.03,1,-0.216,0.175,0.24,0
10286,6.41,4,0.173,-0.08,-0.082,0
677,7.68,4,0.233,-0.845,-0.014,1
3432,9.5,5,0.07,-0.13,0.119,1
3215,4.7,2,0.68,0.441,0.319,1
1529,7.59,4,0.367,0.097,-0.002,1
6701,0.5,1,0.112,0.342,-0.165,0
5877,0.5,8,0.334,0.196,0.122,0
10657,2.58,1,0.318,0.298,-0.358,0
4405,10.07,5,0.236,-0.348,0.197,1
1741,0.5,6,0.43,-0.076,-0.164,0
11132,4.42,3,0.508,-0.106,-0.196,0
8446,2.86,3,-0.396,0.056,0.02,0
8904,7.57,5,0.118,-0.022,0.183,0
2663,0.5,7,0.202,-0.038,0.322,0
3805,2.88,1,0.17,-0.475,-0.23,0
6869,1.39,2,-0.663,0.182,-0.206,0
2702,1.11,2,-0.474,0.583,-0.715,0
4648,5.32,1,0.064,-0.24,0.459,0
2643,0.5,0,0.116,-0.035,0.226,0
7505,3.09,2,-0.116,0.565,0.207,0
11675,7.52,3,-0.306,0.06,-0.018,0
5719,4.37,0,0.378,-0.015,-0.424,0
7445,2.43,5,0.264,0.306,-0.048,0
4758,3.12,1,-0.005,-0.063,-0.248,0
2568,4.67,2,-0.342,0.249,0.532,1
8887,2.84,3,0.462,-0.352,0.235,0
1655,10.05,2,0.669,0.518,-0.032,1
3841,5.58,3,-0.12,-0.497,-0.154,0
2668,6.65,6,0.222,0.103,-0.256,1
6616,7.38,2,0.036,-0.044,0.499,0
8554,6.83,0,0.052,-0.047,-0.049,0
1309,1.74,3,0.334,-0.177,-0.12,0
11343,4.11,3,-0.035,-0.404,0.172,0
4041,4.91,5,0.583,-0.395,0.259,1
8606,3.09,5,0.493,-0.229,0.072,0
7214,6.6,6,0.05,0.154,-0.273,0
6492,3.57,0,-0.153,0.081,0.131,0
2194,2.19,6,0.152,0.266,0.41,1
7613,3.76,4,0.498,0.829,0.139,0
7606,7.18,4,0.349,0.302,0.106,0
5045,0.5,6,0.064,-0.221,-0.339,0
7984,0.5,4,0.253,0.165,-0.117,0
2251,6.76,7,-0.172,0.152,0.474,1
7016,3.81,7,-0.221,-0.389,0.244,0
4781,4.05,2,-0.142,0.421,0.499,0
11384,8.27,5,-0.43,-0.056,0.647,0
4693,9.54,4,-0.803,0.192,0.38,1
5853,8.7,0,-0.416,0.061,0.143,0
10069,6.92,0,0.064,0.18,-0.562,0
5869,3.99,2,0.15,-0.345,0.125,0
7678,8.25,0,-0.452,0.084,-0.086,0
14707,6.38,4,-0.052,-0.365,0.169,0
5762,4.77,4,0.066,-0.522,0.251,0
3460,4.59,7,0.534,-0.51,0.009,1
6818,0.5,6,0.035,0.058,-0.275,0
7238,7.51,4,-0.154,-0.131,0.066,0
6146,7.71,2,-0.366,0.108,-0.143,0
8351,5.02,5,-0.304,0.043,-0.21,0
2338,2.42,2,0.373,-0.171,-0.381,0
6394,5.09,2,-0.048,0.293,0.201,0
7752,1.45,12,0.315,0.155,-0.349,0
8843,3.5,3,-0.504,-0.372,0.132,0
9018,7.05,5,-0.019,-0.122,0.087,0
8464,5.01,7,-0.065,-0.294,-0.003,0
6317,4.75,7,0.242,-0.429,0.46,0
0,11.45,3,-0.057,-0.018,0.116,1
5999,4.6,7,0.17,-0.288,0.222,0
7572,3.36,6,-0.047,-0.067,-0.075,0
0,3.42,6,-0.007,-0.386,0.289,1
5104,1.34,10,-0.316,0.264,-0.231,0
6407,2.29,0,0.157,0.122,0.343,0
5896,11.66,4,0.17,-0.408,-0.184,1
7559,4.75,4,-0.245,0.037,0.036,0
