screen_time,calendar_load,step_count,screen_deviation,stress_label
0.5,3,10930,0.541,0
2.41,3,6054,0.709,0
0.9,5,0,-0.945,0
3.54,5,6067,-2.108,0
2.05,4,5762,-0.869,0
3.56,6,4446,-0.132,0
11.51,0,444,1.175,1
2.96,3,3656,-0.39,0
9.8,6,8586,-2.124,0
1.55,0,3571,1.435,0
6.55,3,5933,-1.033,0
5.61,6,1152,0.449,1
7.8,2,8102,4.222,1
4.69,5,3785,0.272,0
6.38,4,2940,0.31,0
9.39,5,8885,-0.356,0
7.25,4,3147,0.478,0
2.02,2,6567,0.446,0
1.43,7,7716,-1.057,0
0.5,3,4662,0.17,0
3.91,0,4834,-0.458,0
6.9,1,11036,-2.867,0
8.93,3,8578,0.12,0
8.42,2,2704,2.131,1
4.66,4,9704,-1.548,0
6.79,2,5603,0.108,0
0.5,1,10053,1.329,0
4.81,4,5117,2.035,1
4.4,4,9438,-1.166,0
9.68,0,10888,-0.559,0
4.27,0,4635,-1.56,0
3.18,3,8873,0.311,0
5.92,0,3357,2.698,1
2.79,8,5270,0.003,0
8.21,7,5667,-0.582,0
4.83,5,8673,0.006,0
6.86,8,7143,0.467,0
0.5,0,7165,-0.142,0
3.46,4,5818,1.692,0
5.26,1,8970,-0.326,0
6.58,2,4050,0.126,0
5.04,5,5194,-2.755,0
3.7,6,5107,-0.37,0
7.96,1,1371,-0.241,0
3.55,1,5473,0.737,0
4.97,4,11440,-0.514,0
5.84,2,3460,-0.877,0
3.56,5,13047,-1.074,0
3.75,3,7187,0.395,0
8.85,0,0,-0.744,0
8.29,0,0,0.857,0
5.73,0,3043,-1.455,0
5.33,2,7482,-4.282,0
2.43,0,5230,-0.807,0
7.39,0,6136,0.838,0
10.57,2,6973,-2.706,0
0.5,6,5983,1.768,0
0.88,5,11606,0.63,0
5.83,4,1287,2.033,1
3.17,5,1310,-1.769,0
9.31,2,10359,-0.117,0
0.5,6,4230,1.048,0
5.08,0,6492,3.294,0
6.48,3,9226,0.316,0
5.63,0,6701,1.553,0
2.49,8,5724,-1.332,0
7.99,3,8278,-0.438,0
4.82,5,6872,-2.993,0
1.64,6,5603,-0.786,0
0.92,0,0,-0.152,0
3.2,1,5795,0.546,0
11.28,0,9478,1.46,0
2.66,4,4627,0.279,0
9.53,5,7525,-0.645,0
0.55,3,9619,-2.291,0
1.83,4,3046,-1.189,0
3.73,0,3077,1.055,0
1.08,0,4109,1.098,0
4.41,2,6133,-2.619,0
6.48,5,4772,1.509,1
1.62,7,6463,-0.505,0
4.94,3,9660,-1.615,0
2.71,7,4213,1.351,0
10.1,2,8044,-1.731,0
7.26,4,7419,-0.968,0
0.5,5,0,-0.476,0
7.82,4,11845,1.538,0
3.04,4,5857,-2.373,0
2.18,2,0,0.071,0
4.25,0,7212,1.074,0
5.68,3,7774,1.02,0
5.92,1,6829,1.793,0
3.21,10,4423,0.049,0
2.98,4,773,-0.819,0
1.72,4,8983,0.969,0
0.5,10,6885,-1.165,0
5.47,4,3999,0.297,0
3.18,2,3941,-2.149,0
5.44,5,7544,1.23,0
5.97,2,8518,-2.036,0
2.3,1,9240,1.414,0
6.46,7,3362,0.523,1
4.62,6,5654,-0.577,0
6.62,6,3994,-0.092,0
1.82,0,6601,0.913,0
5.79,0,4947,-3.328,0
9.11,0,9766,1.419,0
2.3,0,7051,-1.266,0
5.31,2,656,-3.346,0
5.68,2,4340,1.044,0
8.52,3,4978,0.75,0
0.93,4,7655,1.02,0
0.5,1,3365,0.15,0
6.44,8,4515,-0.746,0
8.45,4,9802,0.433,0
1.53,0,1345,0.993,0
8.57,9,8529,1.744,1
3.26,0,8550,0.627,0
5.32,5,6969,1.926,1
8.88,5,8537,0.771,0
3.62,6,1816,1.581,1
1.42,4,3464,0.83,0
4.9,0,7262,-0.867,0
7.64,4,7186,-1.436,0
3.23,2,8570,2.516,0
2.58,7,0,-1.791,0
2.12,0,1249,0.619,0
4.36,5,8071,0.398,0
6.97,3,2439,1.587,1
3.23,1,5466,-1.369,0
3.75,5,7045,-1.347,0
3.54,7,7489,3.113,1
8.54,7,1836,1.146,1
4.84,2,6504,1.418,0
6.5,1,8227,-0.956,0
5.65,3,5343,1.149,0
1.88,9,536,-0.897,0
6.11,5,5698,-0.086,0
6.23,3,10179,1.259,0
7.62,1,5761,-0.451,0
1.98,5,4387,0.983,0
1.79,9,3311,0.329,0
7.38,2,8557,-1.844,0
9.36,4,4210,-0.449,0
7.43,2,3751,-0.332,0
1.47,9,4300,1.247,1
5.63,1,5982,1.176,0
4.44,7,9064,1.378,0
3.62,0,4159,0.294,0
6.64,0,5975,0.237,0
4.17,7,7265,1.965,1
4.35,6,10905,1.968,0
1.72,3,4964,0.734,0
7.06,1,6203,-3.03,0
9.33,2,6167,-0.464,0
8.44,0,5950,-0.159,0
3.64,9,3338,1.158,1
6.07,7,3998,-1.099,0
8.29,5,1365,-0.809,0
6.16,6,3962,-4.371,0
6.57,0,0,-4.248,0
7.44,4,5323,2.084,1
6.91,8,1821,-0.052,1
0.5,3,5254,0.94,0
5.14,5,8110,3.232,1
4.05,1,6738,-1.203,0
9.45,3,4303,-0.707,0
7.16,3,4074,2.498,1
2.43,4,7956,-2.447,0
6.44,0,8468,-1.444,0
7.08,7,8584,0.377,0
4.31,2,10413,-1.049,0
1.89,5,3611,-1.425,0
0.67,2,5751,0.365,0
7.85,5,5427,-0.297,0
6.53,7,6378,-0.704,0
2.02,0,7998,0.867,0
6.73,3,10220,-0.726,0
7.87,3,4174,0.889,0
6.23,5,6243,-0.057,0
12.17,7,8168,0.168,1
8.02,5,6078,-0.455,0
4.76,0,6631,-0.733,0
9.78,4,2433,-0.075,0
1.86,5,6872,1.437,0
2.63,4,1904,1.052,0
6.56,5,6004,0.622,0
9.81,3,6415,-1.629,0
2.4,4,9311,-0.384,0
4.29,2,4395,0.442,0
0.51,7,4003,1.083,0
1.19,6,8015,0.576,0
2.02,4,2450,-0.379,0
8.09,6,6045,-1.462,0
6.94,4,0,1.174,1
4.93,7,2714,-4.765,0
5.84,4,927,-1.468,0
13.27,3,8192,-0.976,0
0.5,3,5203,-0.6,0
4.66,4,5549,-1.896,0
6.46,0,0,1.109,0
6.52,3,1813,-1.062,0
4.21,0,3782,0.978,0
9.28,2,8269,-2.871,0
6.98,1,6922,-0.372,0
8.96,1,7882,-0.419,0
4.53,3,3462,-0.021,0
4.81,4,6253,1.197,0
7.77,0,8606,-1.78,0
6.76,5,266,0.139,1
3.59,1,10052,-0.981,0
2.58,4,8056,-0.212,0
8.5,5,0,-0.794,0
3.31,5,0,3.824,1
6.59,4,9544,3.515,1
7.61,6,6392,-0.212,0
3.57,1,3938,-2.026,0
4.77,0,6572,-0.054,0
5.44,2,15230,2.04,0
1.27,4,4175,-1.522,0
0.98,5,3955,1.452,0
7.98,8,3442,0.713,1
6.9,2,3684,2.414,1
5.68,5,3533,-1.829,0
3.29,3,2807,-0.015,0
0.5,0,8012,0.906,0
3.82,0,2917,-0.56,0
6.93,6,4510,-1.73,0
5.8,1,4445,1.988,0
7.48,4,2184,0.317,0
8.19,2,10053,1.939,0
9.99,4,7762,2.121,1
6.34,2,4654,0.358,0
1.13,3,9289,-3.287,0
9.6,7,4620,0.815,1
5.01,7,8948,-2.1,0
6.76,3,6248,-1.092,0
10.24,7,3780,-2.002,0
3.84,5,6720,1.88,0
7.37,6,6980,-2.084,0
4.41,7,5845,0.755,0
4.04,0,5629,0.464,0
3.03,3,3181,1.679,0
4.12,8,10586,-0.122,0
1.97,0,1583,-2.061,0
9.14,4,7168,-3.331,0
1.41,6,6860,-0.221,0
6.69,8,5336,0.104,0
5.58,11,0,1.025,1
4.66,5,4027,-0.073,0
7.13,13,8424,-1.272,1
3.73,2,613,-0.495,0
7.2,0,9145,0.732,0
2.8,3,10794,1.1,0
5.03,3,6229,-0.768,0
0.5,10,6465,0.597,0
4.83,1,5442,-2.399,0
11.83,0,2904,-0.66,0
8.86,4,2291,1.882,1
7.19,5,8147,3.592,1
11.56,1,10871,0.575,0
6.5,0,5488,-1.219,0
7.48,7,0,-0.033,1
8.37,3,8187,0.527,0
6.02,3,2350,-1.682,0
7.13,4,5584,-0.636,0
4.08,7,4994,-2.012,0
7.23,3,6094,2.411,1
4.94,4,2463,-0.33,0
6.83,0,6602,0.151,0
5.12,7,7003,2.217,1
2.02,4,6253,-1.604,0
7.87,10,5948,0.758,1
5.25,1,537,-1.059,0
0.82,9,5654,-0.519,0
7.67,0,3699,0.102,0
8.09,5,6744,0.117,0
6.2,4,2910,0.069,0
1.78,4,4558,3.809,1
4.88,0,5597,0.779,0
10.02,2,1252,1.225,1
0.86,2,5227,-0.104,0
7.07,1,5178,-0.021,0
5.45,4,7308,1.266,0
6.18,5,1253,0.075,0
6.44,6,3922,-0.989,0
3.28,5,9101,-0.611,0
7.72,4,5627,-0.317,0
7.24,4,12827,-1.278,0
6.55,2,3392,-0.016,0
5.41,12,5447,-1.695,0
5.82,0,5724,0.024,0
7.38,6,4489,-0.226,0
2.7,0,6929,-1.91,0
3.76,1,7649,2.702,0
1.1,0,5625,0.024,0
5.66,2,5398,0.551,0
8.12,0,4893,0.321,0
2.25,9,4093,-0.062,0
6.67,2,460,-0.643,0
8.09,2,3460,1.389,1
4.01,2,6448,1.156,0
12.15,6,9479,-0.759,0
1.92,4,6321,-1.618,0
4.47,5,7081,0.756,0
5.87,2,4458,-1.798,0
10.35,4,5325,-1.393,0
13.81,0,4713,0.624,0
6.8,6,11422,0.759,0
1.83,3,6923,3.102,0
0.81,7,6539,1.257,0
4.69,1,8252,0.982,0
7.92,3,4200,-2.338,0
7.46,5,3102,-0.808,0
3.6,0,3546,-1.701,0
3.76,1,1118,3.034,1
8.76,1,6817,0.626,0
8.57,1,9276,-0.822,0
0.99,6,9872,3.882,1
1.4,6,4770,1.175,0
0.59,0,3672,0.118,0
3.08,5,9080,0.899,0
9.86,5,2349,2.045,1
3.18,6,10721,0.685,0
0.51,1,9968,-0.254,0
5.24,6,8088,0.418,0
4.37,3,8573,0.83,0
4.23,7,5612,-1.277,0
2.72,1,5182,1.851,0
2.58,4,4029,-0.39,0
0.5,3,5418,0.81,0
5.67,0,9252,0.315,0
5.6,3,4446,0.327,0
6.43,0,4383,-0.382,0
5.77,7,3684,-0.747,0
3.46,1,4958,1.156,0
1.84,5,894,-0.842,0
4.01,9,5175,-3.302,0
0.5,4,7841,0.563,0
5.5,7,4381,1.342,1
0.5,1,578,-0.412,0
4.86,4,6185,-1.391,0
4.43,0,10089,-0.455,0
3.53,8,2273,-1.688,0
1.71,3,7294,1.11,0
12.72,0,7826,-0.836,0
3.24,2,3273,2.527,0
7.53,4,10053,-2.269,0
1.01,0,3901,0.243,0
5.31,4,1766,1.205,1
5.72,6,321,0.467,1
1.44,2,7603,0.137,0
2.45,4,1405,1.725,0
4.38,7,4420,-0.785,0
2.71,6,3871,0.967,0
3.85,0,4289,-1.769,0
5.1,0,8777,-0.137,0
4.47,5,8891,-0.03,0
2.69,0,3941,-0.926,0
5.32,2,8063,-0.919,0
4.83,7,7025,-0.09,0
3.19,2,3448,-0.812,0
7.27,3,1950,2.652,1
5.96,0,4674,0.166,0
10.11,0,8928,2.099,0
3.11,3,2891,-0.305,0
4.89,5,9270,-1.122,0
0.5,3,6880,0.374,0
4.02,4,10546,0.573,0
3.88,2,5490,2.455,0
4.45,3,4553,1.648,0
10.88,5,6248,0.055,0
0.5,6,6402,0.643,0
2.87,2,4766,1.532,0
3.86,10,7292,-1.914,0
4.61,2,0,2.399,1
7.11,5,6496,-2.073,0
3.55,6,2846,-3.798,0
4.32,3,6406,1.093,0
6.91,4,9586,-2.278,0
6.51,5,2281,-2.254,0
2.76,2,8260,-0.922,0
2.43,2,9355,0.02,0
4.46,3,9876,-1.124,0
8.95,4,5518,3.751,1
1.83,2,2302,1.429,0
10.07,9,9671,-0.296,0
3.9,0,12107,0.703,0
3.52,7,3081,0.61,0
4.48,5,5809,-2.176,0
5.23,7,5912,1.163,1
1.86,3,4126,1.12,0
5.09,6,9263,1.037,0
5.82,1,5991,-0.8,0
3.97,2,3060,-2.936,0
3.0,4,1955,0.024,0
10.7,7,10930,0.587,1
8.5,1,4066,-4.109,0
8.56,8,4340,-0.381,1
2.74,5,9374,-2.614,0
6.23,3,6340,0.688,0
4.44,3,5358,1.455,0
6.26,4,2187,-0.568,0
7.7,4,7978,2.65,1
8.12,4,4467,-3.83,0
4.49,3,7171,-0.231,0
4.04,0,3180,0.715,0
10.15,3,6983,1.429,1
2.57,5,3778,1.297,0
5.45,4,3652,1.061,0
11.25,0,4980,0.347,0
7.36,2,0,2.039,1
7.28,0,4177,2.352,0
9.34,6,5471,0.124,1
4.61,7,3372,-1.209,0
8.03,3,10135,-1.007,0
4.84,1,6022,-2.218,0
3.54,0,8081,1.075,0
0.5,8,13492,0.069,0
3.08,12,2043,0.03,1
5.54,8,7079,-0.748,0
2.15,2,2979,0.072,0
3.31,0,9765,-0.747,0
1.2,3,6205,-2.62,0
5.99,0,11133,0.786,0
3.8,1,5685,0.919,0
4.92,3,6175,-0.906,0
3.97,0,8921,0.448,0
2.68,9,6261,-1.554,0
7.57,5,7183,-0.639,0
6.35,3,7667,-2.857,0
3.7,9,3698,-0.906,0
3.66,0,0,-0.346,0
5.41,3,5565,0.065,0
8.07,3,4277,-0.422,0
6.74,8,4115,0.148,1
6.02,1,6061,-2.199,0
0.5,5,4848,0.303,0
4.95,1,5864,-1.85,0
9.17,0,5412,-1.563,0
6.71,3,4443,1.28,0
5.09,5,3056,-2.107,0
5.32,3,7879,-0.12,0
5.62,0,11665,-0.246,0
7.09,1,6924,-1.954,0
6.36,2,6087,1.047,0
1.3,1,7371,3.147,0
4.59,5,5679,2.913,1
0.5,4,1123,-3.76,0
5.89,4,5145,-0.159,0
14.29,3,7530,-0.974,0
5.89,3,4768,2.728,1
8.53,4,0,-0.542,0
13.11,3,9309,2.163,1
5.66,1,0,1.026,0
2.56,4,2250,-0.398,0
5.1,4,2655,1.795,1
3.21,0,5672,0.052,0
5.48,8,5290,-0.179,0
1.69,6,6552,-0.63,0
0.5,8,2316,-0.887,0
6.08,0,1519,-3.186,0
7.16,2,14781,-1.492,0
2.24,2,6729,-0.705,0
6.84,1,1855,-2.697,0
0.5,2,5097,-0.947,0
8.73,7,4995,-2.691,0
3.3,2,4028,-1.047,0
3.04,2,4093,0.312,0
6.08,1,9813,-1.47,0
0.5,5,3547,0.482,0
0.5,8,8016,-2.251,0
0.56,9,3787,-1.251,0
0.5,2,5316,1.073,0
0.8,0,7352,1.51,0
0.5,7,6112,1.638,0
4.79,0,5544,1.59,0
2.32,2,5471,-4.349,0
10.01,1,7517,-0.13,0
8.77,5,5295,-1.34,0
7.39,0,7937,-1.649,0
8.76,4,7932,0.123,0
0.5,1,8017,0.25,0
8.54,5,3099,-1.194,0
5.31,0,11020,0.663,0
8.68,0,9733,3.347,1
1.04,6,6003,-2.317,0
6.48,6,4196,1.749,1
0.5,0,6409,0.038,0
2.85,6,7592,1.287,0
4.63,5,4663,3.081,1
2.56,10,6104,-2.063,0
9.1,4,8553,1.836,1
6.01,2,8927,0.001,0
7.06,0,7340,-0.958,0
9.96,5,6719,0.729,1
2.0,8,11974,0.589,0
9.77,2,3608,0.061,0
6.3,2,7613,0.46,0
2.01,5,8590,0.257,0
8.46,0,7403,-1.755,0
1.66,2,3173,-0.822,0
4.36,6,5036,-2.378,0
8.42,1,5823,0.67,0
5.6,7,7437,-1.292,0
11.54,4,5557,1.446,1
5.75,5,13476,-0.413,0
4.05,4,9214,-2.26,0
0.5,2,1098,-0.637,0
6.51,1,1719,0.104,0
7.59,0,8460,1.226,0
7.86,7,12606,-0.534,0
5.33,2,6005,2.299,0
0.96,1,10131,1.53,0
3.91,6,7023,2.25,1
5.22,7,13926,0.897,0
5.15,6,4904,3.582,1
5.54,3,3492,1.646,0
7.6,2,7729,-2.263,0
5.55,5,11121,-1.156,0
1.16,1,1990,2.005,0
9.65,4,9663,0.201,0
4.71,3,5068,-2.322,0
5.79,3,8236,0.14,0
4.51,1,6216,1.107,0
1.57,4,6699,-1.077,0
3.24,4,2599,0.525,0
2.31,7,13013,-1.291,0
6.6,1,9122,-1.898,0
6.44,1,5379,-1.547,0
7.47,1,7655,-0.516,0
4.66,4,3714,0.316,0
9.59,1,9515,2.247,0
2.55,0,6905,-0.821,0
10.61,4,3593,-1.721,0
8.27,2,6131,1.434,0
3.55,3,5950,1.025,0
6.77,3,6190,-0.558,0
0.57,4,11676,-1.326,0
2.68,1,8173,0.673,0
4.52,1,6277,-2.347,0
5.43,6,2246,-2.299,0
9.74,2,9407,-0.231,0
4.51,5,3348,0.199,0
3.86,0,7012,-0.395,0
4.53,0,10774,1.315,0
7.89,3,812,2.929,1
4.82,1,7250,1.751,0
4.93,7,9248,-1.615,0
2.98,6,0,-0.224,0
0.71,2,5103,-0.537,0
3.34,0,12875,2.801,0
1.51,8,4801,0.194,0
4.81,2,8951,0.189,0
3.57,0,3319,-2.462,0
5.04,0,5203,2.055,0
8.6,3,5738,2.82,1
6.56,3,1721,0.591,0
7.49,2,6873,-0.545,0
4.45,0,5334,1.454,0
3.11,4,3732,0.541,0
4.35,1,9997,1.393,0
3.19,5,7612,0.963,0
0.5,7,4290,-0.537,0
12.91,4,4841,-3.308,0
9.17,0,2989,-0.497,0
9.25,6,5526,0.462,1
3.2,4,6220,1.453,0
7.9,5,4912,1.113,1
4.72,0,4790,0.127,0
7.73,3,2372,0.085,0
5.34,4,8759,1.528,0
3.22,2,2879,1.048,0
9.35,3,5275,2.2,1
6.52,5,2427,1.018,1
2.21,0,4959,-0.879,0
4.34,0,8876,1.692,0
0.5,6,3568,1.285,0
4.79,4,5444,1.818,0
1.28,5,9303,1.075,0
11.97,2,8871,-0.159,0
8.7,3,4836,1.959,1
3.53,0,4449,0.929,0
9.18,4,9954,-2.037,0
3.67,3,5656,0.126,0
7.07,2,6417,-0.068,0
2.22,3,5569,-0.248,0
5.1,4,4703,1.909,1
1.49,1,14339,-1.557,0
0.94,6,0,-0.353,0
11.44,0,54,-2.249,0
7.7,7,4462,1.025,1
9.17,9,5260,-3.452,0
2.54,2,5223,-0.282,0
8.36,7,5484,1.648,1
6.07,4,8719,0.108,0
11.17,0,4454,-0.19,0
6.32,7,5926,-2.133,0
7.53,6,174,-0.006,1
0.5,2,3291,1.214,0
5.35,0,8640,-2.151,0
5.99,1,4902,0.756,0
6.56,8,5753,0.46,1
3.69,4,7318,-0.147,0
0.5,4,7093,-1.02,0
1.15,8,7474,-0.344,0
1.59,1,9907,0.206,0
3.35,5,3556,2.251,1
9.06,2,4113,-3.927,0
0.56,0,6405,-0.489,0
0.96,3,7516,0.792,0
0.5,3,1849,1.353,0
7.35,1,3701,-0.692,0
0.5,5,5181,1.455,0
1.7,2,1480,-1.506,0
1.45,6,3905,0.186,0
3.86,0,5495,0.899,0
1.38,6,3450,-0.724,0
6.59,2,6112,-0.472,0
5.39,0,510,0.924,0
8.11,1,5267,0.442,0
7.08,0,3341,-0.499,0
7.11,11,5315,-2.11,0
6.21,7,6324,-1.36,0
7.87,5,2921,0.572,1
7.99,7,5800,-0.537,0
8.68,0,7315,-2.055,0
8.2,3,9805,0.737,0
1.33,8,10653,1.323,0
2.72,3,6436,-1.056,0
10.08,4,0,0.509,1
3.96,3,4894,1.211,0
8.36,4,4982,-0.062,0
5.06,1,7736,0.69,0
9.62,7,3942,1.23,1
2.15,6,4450,-1.535,0
5.84,0,747,-0.266,0
5.25,2,1261,-1.227,0
6.17,5,5951,1.735,1
6.19,1,5158,-2.104,0
4.68,7,8055,2.103,1
4.09,8,5420,2.207,1
4.93,6,10425,-0.29,0
5.66,7,5600,-1.981,0
11.43,2,6476,1.734,1
3.17,0,6761,-2.69,0
4.14,4,5190,-2.315,0
9.78,4,10293,-0.39,0
2.36,4,5352,-1.767,0
9.41,2,479,1.992,1
3.49,2,703,2.611,1
1.13,4,8737,0.633,0
4.82,0,3570,0.282,0
2.64,4,8045,1.444,0
1.32,10,8302,-0.003,0
8.27,11,1683,-0.338,1
0.5,4,7096,-0.059,0
3.04,0,7120,2.183,0
3.23,5,1295,0.686,0
3.82,1,3718,-0.59,0
6.15,0,4808,-0.062,0
1.7,9,3439,-1.004,0
2.07,9,7658,-1.405,0
8.32,4,6771,-0.517,0
2.75,5,4364,2.725,1
1.19,8,5666,0.449,0
7.5,2,8592,-4.061,0
2.84,1,2239,-0.322,0
6.16,6,6722,-0.999,0
6.11,4,8808,1.165,0
5.09,1,4041,-0.825,0
4.05,4,8145,-0.077,0
5.05,4,4452,-1.388,0
0.5,1,7419,-1.054,0
4.29,5,7562,-1.619,0
7.99,7,2610,-1.236,0
8.57,3,0,-2.1,0
4.25,0,4759,0.049,0
9.39,3,9217,2.143,1
9.3,4,110,0.691,1
8.15,3,11233,1.29,0
6.7,7,7000,-3.739,0
3.5,7,3577,-0.335,0
1.87,9,11044,-1.326,0
5.44,1,7844,0.765,0
7.44,4,14806,-1.542,0
0.5,2,1296,-2.239,0
2.0,1,3136,0.777,0
3.48,3,8682,-1.149,0
4.21,5,175,-3.577,0
6.04,5,12192,0.237,0
7.46,3,6891,2.501,1
0.5,5,12406,0.423,0
9.95,2,5903,0.05,0
0.5,0,2709,1.233,0
7.62,4,8472,-0.246,0
8.61,4,6173,-0.398,0
7.05,2,8929,-1.698,0
1.7,6,5734,-0.681,0
7.67,2,5399,2.099,1
9.62,8,5153,1.846,1
2.15,1,0,2.509,0
2.41,3,3269,1.043,0
3.87,0,7324,-2.151,0
2.49,0,1728,0.268,0
0.5,0,5992,-0.815,0
10.98,9,3396,0.836,1
7.25,2,1513,-0.018,0
4.48,2,7326,-1.126,0
1.54,4,7157,-1.765,0
7.78,0,4265,-0.387,0
3.09,2,11613,-1.276,0
12.32,5,6276,0.714,1
12.59,1,2638,-1.132,0
5.1,0,6067,2.54,0
5.45,3,4145,1.348,0
2.52,9,11800,0.385,0
4.97,7,9284,-1.209,0
3.42,0,7227,1.0,0
0.95,2,1958,-1.348,0
6.65,1,5097,-2.441,0
5.56,3,3813,-0.284,0
5.54,1,1571,2.708,1
3.1,3,9032,5.294,1
1.27,5,3877,-0.808,0
2.84,0,5876,-2.212,0
7.84,4,7267,-0.699,0
3.9,4,2507,-0.537,0
2.42,1,0,2.009,0
2.94,7,9206,-1.929,0
1.73,11,11252,-0.047,0
5.77,2,7297,-1.076,0
0.5,0,6063,-1.697,0
4.8,0,3652,1.28,0
5.74,3,8636,0.721,0
9.34,2,4711,-1.952,0
3.71,6,9899,1.44,0
0.5,7,484,1.347,1
3.9,6,2002,1.757,1
0.61,1,3005,-2.631,0
5.28,9,14000,0.146,0
8.35,4,7496,-0.513,0
5.59,5,4264,-0.116,0
4.82,6,2801,-0.077,0
10.74,7,10047,0.037,0
5.96,7,10680,-2.927,0
1.05,7,5169,-1.008,0
1.24,2,1792,3.137,1
4.93,3,7764,1.444,0
7.84,7,4107,-0.447,0
7.31,2,5984,0.598,0
7.36,0,8144,-0.351,0
7.12,6,10823,2.03,1
9.04,8,6874,0.048,1
7.62,6,5072,0.607,1
4.89,1,9871,0.083,0
11.15,0,4329,0.049,0
8.41,5,6931,-1.691,0
1.53,4,1907,-0.798,0
6.5,1,10816,1.836,0
0.5,1,0,-1.174,0
7.3,2,7382,-2.284,0
7.39,2,6036,-0.139,0
1.19,0,8903,0.598,0
8.15,4,6428,-2.589,0
4.19,3,11859,1.03,0
9.61,5,3866,0.176,1
5.71,1,4846,-0.309,0
9.82,0,9617,-1.405,0
0.88,7,8195,1.882,0
7.4,10,7676,-0.235,1
6.03,7,3661,-0.978,0
4.07,0,6414,-2.829,0
5.16,6,4569,2.516,1
0.62,7,8025,-2.574,0
13.13,3,3367,-2.111,0
4.34,3,6307,-0.447,0
6.9,2,195,-0.224,0
0.5,5,3062,0.245,0
8.94,1,9183,-0.65,0
10.26,2,3478,1.031,1
3.69,1,4566,-0.067,0
9.03,0,6069,0.937,0
5.58,7,5776,-0.277,0
6.78,4,4828,0.774,0
3.04,2,4416,2.03,0
0.5,5,6102,-2.521,0
5.93,5,7768,-3.978,0
9.1,1,8059,1.112,0
2.37,5,4843,-3.107,0
8.5,1,3436,-0.605,0
5.82,3,7644,-2.009,0
2.77,3,11693,-0.171,0
8.26,4,4549,-0.37,0
4.49,5,10123,0.54,0
8.56,1,4756,-1.086,0
5.94,2,8189,-1.397,0
5.13,6,0,3.182,1
4.15,0,6474,0.05,0
4.75,6,8242,0.447,0
6.35,3,11326,-2.219,0
5.42,4,8439,-1.266,0
0.5,4,6843,2.234,0
1.19,7,13102,-0.567,0
1.13,2,6042,0.846,0
3.23,8,2656,-2.609,0
8.32,0,5387,4.677,1
4.96,0,5827,-0.076,0
5.48,5,2882,2.531,1
5.74,6,4115,1.93,1
4.23,4,3200,-1.495,0
7.06,2,3438,-0.965,0
7.1,2,5647,0.023,0
0.5,0,7008,-1.106,0
8.17,6,8157,2.73,1
4.75,5,4246,3.679,1
10.95,4,7159,2.039,1
4.56,2,8621,0.118,0
5.55,1,846,0.354,0
7.71,3,10309,-1.056,0
1.84,3,5752,1.155,0
2.68,8,11900,-0.059,0
8.75,0,9225,1.571,0
7.59,3,0,-0.963,0
3.12,1,6366,-0.628,0
2.53,0,3853,1.682,0
3.02,2,4629,0.508,0
6.37,0,9064,2.155,0
1.85,1,4649,-1.134,0
5.67,0,2646,2.309,0
2.22,7,7066,-2.714,0
6.91,3,4633,0.367,0
6.42,6,9534,0.612,0
0.87,2,14829,1.087,0
12.11,8,6725,0.452,1
4.89,0,6054,1.816,0
3.2,5,8554,-1.365,0
3.65,0,3533,-1.931,0
2.3,8,3253,0.19,0
3.49,7,9933,1.296,0
5.92,3,2424,2.915,1
2.72,5,9178,-0.833,0
8.11,6,11183,-0.704,0
1.14,2,6626,0.087,0
3.82,0,7411,2.959,0
6.39,5,7717,0.596,0
7.79,5,5061,-1.194,0
4.25,4,5051,0.472,0
6.32,6,9848,0.117,0
1.08,2,6132,-2.754,0
9.17,4,7144,2.048,1
3.11,5,5670,-0.276,0
2.68,8,4873,1.049,0
0.5,7,9156,0.146,0
4.32,5,12866,-2.645,0
7.35,1,5940,-0.372,0
3.72,3,2597,1.544,0
0.5,5,5020,-1.756,0
5.61,0,6119,-2.134,0
6.38,1,4647,0.441,0
2.68,3,1458,0.946,0
10.29,12,6273,1.182,1
0.5,8,8328,-0.726,0
8.71,3,4625,0.713,0
1.81,7,2832,-1.575,0
2.27,6,4149,-2.022,0
3.18,3,2457,-1.728,0
11.33,1,5030,-0.551,0
3.74,5,8844,-0.459,0
1.29,7,5713,2.595,1
0.5,4,11755,-0.53,0
4.32,4,4323,-0.468,0
3.99,2,9686,0.692,0
5.75,6,5206,-1.161,0
3.19,4,2822,-0.75,0
3.45,10,0,-0.269,1
10.18,4,8260,0.15,0
3.0,0,6616,-1.163,0
2.6,2,11234,3.607,0
5.65,2,2468,0.703,0
10.35,3,0,1.005,1
7.96,0,6529,0.677,0
4.78,1,9047,-0.605,0
0.54,0,9782,0.925,0
5.26,2,4413,-1.614,0
3.71,0,3791,-0.466,0
6.83,3,8384,2.024,0
8.17,5,6035,-1.471,0
7.22,9,7026,2.876,1
0.5,0,8565,0.396,0
8.94,3,3396,-0.32,0
0.5,0,8917,1.309,0
6.09,0,4924,-1.837,0
8.53,2,2742,0.045,0
3.08,8,3795,-2.099,0
0.5,3,4314,-2.143,0
8.57,6,5915,2.046,1
6.99,1,2882,1.227,0
6.19,4,3460,0.912,0
2.73,3,10340,-0.991,0
0.5,0,8982,0.382,0
4.61,2,7456,-1.274,0
5.92,1,3307,-0.956,0
3.87,3,6706,-5.533,0
2.58,2,10515,-1.62,0
5.49,8,2061,0.591,1
2.59,2,3590,-1.098,0
13.17,6,9305,0.738,1
0.5,5,9218,-1.28,0
7.9,6,11556,-0.627,0
1.71,2,10306,-2.743,0
0.5,4,4672,0.012,0
7.84,2,380,3.067,1
2.01,0,9311,-0.577,0
4.81,5,9250,-0.5,0
9.56,0,8279,-1.259,0
9.12,4,3981,0.994,1
7.68,5,2910,-0.726,0
4.99,3,8249,-3.022,0
6.0,3,3484,-1.114,0
4.36,0,3896,-1.314,0
6.6,1,5354,2.313,0
7.98,6,4500,0.815,1
4.3,3,7229,-0.895,0
9.48,3,7855,2.183,1
8.09,0,7334,1.276,0
7.68,0,4028,1.492,0
2.71,3,10727,-0.072,0
2.82,1,6998,-2.0,0
4.26,4,9897,1.001,0
2.86,7,5101,-1.854,0
4.48,8,6495,0.019,0
9.91,0,2143,-2.424,0
6.12,4,10628,0.365,0
3.79,4,6353,-2.508,0
13.13,5,6630,0.923,1
7.13,3,4106,0.899,0
6.16,1,10257,0.44,0
7.19,8,6065,0.475,1
7.43,1,6162,0.188,0
2.13,10,1778,-1.947,0
8.94,6,2922,0.911,1
9.4,3,13796,-2.586,0
7.08,7,8674,-0.307,0
4.13,5,8447,0.904,0
8.12,0,5316,-1.41,0
3.84,7,6323,3.91,1
5.58,4,6318,-0.957,0
4.83,7,6341,-1.19,0
2.22,2,6221,1.79,0
0.98,3,6432,-2.751,0
2.5,1,3612,0.288,0
4.52,2,7283,2.585,0
9.92,0,7731,-0.267,0
5.47,2,6352,0.227,0
3.26,1,4653,0.351,0
6.8,6,4517,0.426,0
7.89,7,5823,-0.331,0
5.57,0,5419,1.117,0
6.93,3,6653,-1.237,0
7.11,3,5172,-0.543,0
4.81,2,7974,-0.593,0
9.78,8,3325,0.105,1
3.05,3,12007,-0.461,0
6.08,5,2998,-1.283,0
1.38,1,0,0.817,0
11.16,4,1751,-0.964,0
3.62,0,8580,1.215,0
1.53,6,10580,2.854,0
13.6,1,14472,-0.531,0
3.22,4,4253,0.599,0
1.04,3,9856,-0.086,0
5.42,5,9511,-2.483,0
6.75,3,6499,1.59,0
1.42,0,193,-0.824,0
8.99,3,1979,-0.729,0
0.54,0,7166,-1.761,0
8.34,3,6256,-0.418,0
7.32,6,7005,0.847,0
4.36,5,4986,0.003,0
4.18,2,3932,0.702,0
8.93,7,2230,1.934,1
4.05,5,3281,0.213,0
5.94,0,7824,2.019,0
4.48,8,5430,1.274,1
0.5,11,10486,-0.427,0
0.5,4,1668,0.667,0
6.23,1,9362,1.208,0
7.93,4,1753,1.467,1
4.19,0,10056,3.149,0
4.88,10,6273,-0.571,0
3.11,8,3659,1.103,1
3.32,2,9090,-0.57,0
3.79,7,10792,0.967,0
3.04,2,6239,0.481,0
2.04,6,6256,-2.574,0
2.21,2,5781,2.834,0
5.71,1,6661,-0.528,0
5.97,5,9627,-0.036,0
9.92,6,3877,3.315,1
5.98,1,10958,3.117,0
4.9,2,5482,1.072,0
8.83,5,6305,2.247,1
4.06,7,5135,0.647,0
4.66,3,4867,2.017,0
2.8,1,12362,1.467,0
0.5,2,564,-1.426,0
0.5,3,2574,0.09,0
0.5,4,4755,2.253,0
9.23,6,5020,2.978,1
0.5,0,5748,3.381,0
4.39,3,1674,1.419,0
7.86,6,4112,-1.06,0
1.12,4,2758,-1.766,0
3.73,2,4386,0.7,0
5.24,3,6549,-1.487,0
5.32,4,1490,1.494,1
2.36,4,9493,1.389,0
5.1,2,8842,1.012,0
3.14,1,0,0.231,0
4.75,7,7077,2.001,1
2.91,7,4413,1.166,0
0.62,4,45,-0.401,0
6.32,2,2848,1.269,0
4.69,2,6125,3.955,1
8.46,7,7306,0.25,0
0.5,1,4558,-2.812,0
1.53,0,5885,1.228,0
8.32,5,3109,-2.898,0
0.5,0,3333,-0.24,0
1.96,5,5303,0.016,0
8.42,0,7256,-0.021,0
4.0,6,8637,-1.42,0
4.45,4,5180,0.878,0
5.84,9,1409,-0.184,1
2.27,5,1148,0.519,0
3.11,1,1660,-0.698,0
8.25,3,7883,2.497,1
5.79,2,7401,-0.816,0
3.49,0,8778,-0.579,0
5.55,0,7307,-1.143,0
4.57,6,8372,-0.033,0
0.5,12,11237,1.084,0
2.74,3,4369,1.896,0
5.79,1,4587,1.682,0
9.8,8,8271,-0.379,0
0.5,4,5994,0.21,0
5.16,0,7672,0.948,0
7.05,6,7812,-0.615,0
4.79,4,6323,1.497,0
6.93,10,12619,0.119,0
0.5,7,4378,-1.202,0
3.8,2,7836,-2.339,0
1.77,5,7868,0.962,0
2.64,1,4480,0.36,0
9.46,0,5337,-1.999,0
0.5,6,7633,0.674,0
7.76,2,4702,3.279,1
4.26,6,6019,-2.772,0
0.5,2,9168,1.182,0
7.74,1,10847,-1.447,0
5.64,3,5478,2.008,0
2.88,0,6059,-0.6,0
15.13,6,4771,-1.584,1
0.5,0,6344,2.141,0
8.37,4,5030,0.403,0
3.44,9,5432,-0.13,0
0.5,3,8509,-1.602,0
2.75,6,1570,1.587,1
3.4,2,2628,0.567,0
12.38,6,3407,1.703,1
4.05,8,8420,-4.415,0
1.99,6,6454,-1.536,0
3.1,0,5734,3.316,0
7.41,10,8647,1.541,1
10.92,5,5438,1.549,1
9.36,2,3835,0.208,0
7.49,6,1727,2.867,1
3.08,3,3292,4.047,1
5.73,1,8591,1.154,0
4.44,6,3524,-0.739,0
0.5,0,11422,2.462,0
5.2,8,5519,-0.365,0
5.17,3,5354,1.715,0
5.45,6,9094,0.582,0
2.09,0,6446,-0.257,0
5.26,3,13750,-1.995,0
0.5,4,4870,0.474,0
6.75,7,1478,-0.835,0
6.29,6,12580,1.434,0
4.83,1,4307,-0.889,0
6.97,4,2029,-0.654,0
7.63,5,7705,0.574,0
9.88,4,4841,-1.374,0
5.75,0,5447,-0.309,0
0.91,1,8428,0.346,0
5.31,4,6277,1.864,0
5.37,0,10890,0.556,0
3.23,0,7187,-0.176,0
9.72,2,3487,1.344,1
7.78,4,8029,-0.057,0
5.7,7,7875,-0.254,0
9.06,0,12156,-2.559,0
3.12,3,5560,1.51,0
1.83,4,4265,0.443,0
4.81,4,4350,-0.765,0
5.86,6,4205,-1.303,0
6.84,3,8491,-1.359,0
0.5,2,3700,-0.118,0
3.09,6,5135,0.226,0
5.47,4,5927,0.766,0
2.61,8,5290,-1.967,0
5.56,1,7996,3.314,0
2.64,4,733,0.681,0
2.34,2,2696,1.098,0
8.02,4,3406,2.384,1
2.75,0,7375,-1.657,0
7.97,2,7811,2.102,0
1.37,2,5772,2.306,0
3.02,2,7434,-0.866,0
5.46,0,12642,-2.022,0
4.03,3,11738,-1.987,0
10.95,6,7251,-1.477,0
6.71,1,9799,-1.457,0
4.66,2,3037,1.112,0
6.61,7,660,1.596,1
12.52,2,11685,-0.395,0
0.88,3,9144,-1.257,0
3.2,5,6009,0.877,0
5.71,5,4703,0.348,0
2.22,7,4097,1.693,1
4.3,4,4515,-1.524,0
0.5,0,5028,0.318,0
8.03,2,3354,-2.164,0
6.44,8,9798,1.065,0
6.92,9,6996,0.969,1
4.04,0,3948,-0.014,0
5.18,9,6243,1.768,1
3.69,3,2012,-1.113,0
6.58,4,8828,0.272,0
3.94,10,5718,1.745,1
3.8,6,8784,0.313,0
0.5,4,9691,0.791,0
6.34,0,3838,0.617,0
6.23,7,5565,0.609,0
5.05,1,0,0.647,0
5.52,2,1142,0.945,0
4.2,5,11592,-3.212,0
2.9,3,10364,-2.455,0
10.81,4,5711,-0.297,0
3.69,7,2794,0.518,0
3.85,1,13757,0.629,0
6.84,7,1735,2.628,1
0.5,1,4622,0.873,0
5.66,3,5964,-1.467,0
0.51,6,8081,2.377,0
2.63,6,5148,1.786,0
8.07,4,4981,1.441,1
6.94,1,2016,-0.433,0
9.55,7,2663,-1.752,0
8.82,0,7527,-0.924,0
9.85,1,9430,0.277,0
5.76,0,0,-0.331,0
5.74,0,2733,0.842,0
6.69,3,8340,-1.761,0
3.93,8,6204,0.189,0
11.92,0,8389,2.496,1
4.03,6,3053,-1.03,0
6.15,6,9362,2.354,1
4.8,7,4973,1.353,1
5.62,5,7270,-2.407,0
1.63,4,938,1.247,0
7.61,4,2636,2.07,1
11.11,4,7531,0.303,0
6.59,3,5896,1.359,0
12.04,0,5688,-1.771,0
9.78,2,1670,0.957,1
10.23,5,6614,0.614,1
9.24,1,5664,-0.679,0
1.5,3,9323,0.85,0
6.93,4,7569,-1.201,0
4.07,4,6832,0.48,0
4.58,2,15473,1.36,0
6.24,3,4646,-0.196,0
5.88,0,1291,-0.955,0
5.62,3,10434,-2.224,0
2.75,8,6393,1.327,0
11.15,1,5702,-0.409,0
0.5,3,8643,0.811,0
6.86,2,4031,1.904,1
3.51,4,6490,2.193,0
7.91,0,2437,0.868,0
4.81,2,9046,0.281,0
5.16,6,4874,2.353,1
2.64,5,10301,-2.066,0
3.97,7,9471,-0.257,0
2.8,6,9550,-1.747,0
1.39,4,7888,-0.449,0
7.04,1,0,-0.636,0
5.19,3,2524,-2.723,0
3.46,6,9768,1.782,0
2.55,0,7489,0.953,0
6.2,0,3399,-0.045,0
6.46,6,6432,0.496,0
5.25,6,6938,0.099,0
4.19,4,7453,0.401,0
6.14,8,6795,-0.973,0
7.65,0,2755,0.504,0
6.55,0,4851,-0.909,0
3.54,6,8119,-0.029,0
3.36,0,10260,0.888,0
2.88,6,5789,-0.431,0
6.31,1,4968,0.182,0
3.5,6,11607,-1.131,0
0.5,0,5548,-0.995,0
5.62,4,1190,-2.722,0
5.89,4,4722,-2.486,0
6.41,7,6833,-1.271,0
5.13,0,9173,0.123,0
0.5,3,7389,-0.5,0
4.17,0,7699,-0.973,0
0.5,2,8943,-0.58,0
10.21,5,7016,-0.193,0
4.8,3,5093,0.796,0
2.19,0,2630,3.068,0
6.59,4,2827,0.935,0
4.65,4,3070,0.24,0
3.73,1,8202,-2.307,0
6.69,6,3361,-1.23,0
4.33,4,5541,0.65,0
10.29,2,854,1.239,1
10.05,5,2736,-0.186,1
1.64,5,1946,-0.45,0
1.99,4,4900,0.265,0
5.07,1,7880,-0.073,0
2.03,10,7429,-0.23,0
9.25,9,5563,0.521,1
2.04,3,5402,0.277,0
6.0,5,6712,-1.816,0
2.18,2,5153,1.576,0
1.51,2,8859,-0.45,0
6.38,3,6770,-0.343,0
7.0,0,4910,0.445,0
6.6,8,4826,2.219,1
3.02,7,8452,-1.37,0
5.92,3,7876,-0.335,0
4.08,8,5703,1.24,1
4.32,8,3964,-0.921,0
9.57,2,10803,1.338,0
4.54,0,5942,0.152,0
8.5,8,3945,1.202,1
7.3,7,7496,-2.914,0
4.53,0,5392,1.47,0
5.92,7,7025,-1.947,0
0.5,4,5358,-1.465,0
0.5,1,5416,0.999,0
5.57,8,2893,1.322,1
5.14,6,4690,1.608,1
5.89,1,5963,-0.359,0
6.47,0,5911,0.593,0
5.1,8,8322,-0.011,0
5.65,4,7209,-2.738,0
4.1,0,9834,-0.091,0
4.42,6,7266,-1.693,0
4.79,2,766,-1.035,0
4.45,3,1553,1.727,1
4.69,4,7201,-1.182,0
6.37,2,3310,0.86,0
9.48,6,8768,-0.781,0
0.5,8,12163,2.314,0
3.99,0,2802,-2.526,0
4.68,8,5575,0.453,0
9.13,2,12106,2.988,1
4.61,2,8091,-0.521,0
1.53,7,9649,0.233,0
1.21,0,6321,-0.75,0
3.98,7,8199,2.067,1
2.03,2,8276,0.672,0
9.6,5,11544,0.81,0
8.19,3,6042,1.366,0
9.84,6,5750,2.066,1
0.5,0,8044,0.021,0
6.82,4,7712,-1.222,0
6.71,6,9661,3.02,1
5.73,4,1430,-0.797,0
4.42,7,4166,1.195,1
5.0,3,6746,-0.587,0
3.71,0,5256,-0.72,0
3.45,5,7975,0.348,0
7.99,5,5114,-0.694,0
5.94,5,10193,1.787,0
3.38,3,8013,1.602,0
7.82,3,2237,-1.498,0
5.82,5,2703,0.067,0
6.89,0,9314,-0.566,0
8.77,2,2920,-0.687,0
4.71,2,5351,0.501,0
4.49,3,872,0.588,0
4.73,8,3181,-2.712,0
6.85,5,2974,-2.295,0
9.61,8,0,-0.687,1
9.99,2,4528,-0.424,0
1.64,0,9157,-2.764,0
5.74,6,1646,-1.386,0
8.64,5,4148,1.803,1
8.62,4,3299,-0.62,0
5.86,3,8816,-2.295,0
0.52,4,4525,-0.941,0
0.5,4,5841,0.98,0
5.21,3,9531,-1.969,0
6.61,0,3484,-1.819,0
7.35,3,5959,-1.66,0
4.1,1,7150,-1.487,0
8.99,0,3580,2.516,1
3.69,0,6657,-0.713,0
2.49,0,14305,-0.377,0
0.5,8,7833,-1.15,0
2.2,6,5259,-2.889,0
10.36,2,10486,1.918,0
2.0,7,4045,-2.8,0
3.73,5,4611,-0.461,0
8.43,4,3470,1.053,1
5.59,0,7285,0.588,0
5.06,6,3982,0.505,0
0.5,5,11859,-1.492,0
2.72,1,6389,-1.595,0
6.26,6,7603,-2.653,0
7.99,6,8490,0.559,0
5.66,7,11770,-1.43,0
8.23,3,5610,-2.305,0
4.15,1,4608,-1.647,0
3.65,2,6290,-2.422,0
0.66,5,3607,1.612,0
5.68,5,10232,-0.465,0
3.28,6,7528,-0.281,0
9.17,3,6098,0.032,0
2.2,4,10190,0.667,0
5.09,3,6992,1.125,0
6.83,3,6974,0.72,0
1.98,4,0,0.724,0
6.98,6,4814,0.464,0
9.27,8,5912,0.209,1
8.33,0,5030,2.003,0
7.93,5,1482,-0.075,0
3.23,4,3571,-1.539,0
0.5,7,4800,0.236,0
4.99,0,2222,-1.508,0
2.83,5,3612,2.62,1
8.08,6,5641,2.271,1
4.35,3,6509,1.053,0
6.91,2,4401,0.96,0
7.15,2,1238,-0.311,0
6.87,9,2406,-0.64,1
3.83,8,5895,-1.361,0
6.68,2,2326,-1.339,0
10.2,5,6323,-0.375,0
5.88,4,6876,0.172,0
7.61,4,3066,-0.919,0
0.5,10,8588,-1.245,0
4.15,2,10627,-2.13,0
5.34,3,8480,-0.156,0
0.5,3,3083,0.119,0
9.3,0,3599,-0.829,0
3.86,6,5479,0.624,0
3.12,4,8333,-1.098,0
7.34,4,9136,-0.302,0
6.14,3,5711,0.388,0
6.61,0,10300,-2.789,0
2.95,3,7237,2.364,0
0.5,2,0,0.047,0
5.82,8,6361,1.566,1
6.75,2,1773,0.413,0
0.52,7,5513,1.793,0
3.56,4,6628,-0.068,0
3.7,5,3221,-1.814,0
8.73,6,6197,2.498,1
4.2,7,6526,-1.537,0
10.54,6,5636,1.091,1
3.79,6,0,-1.53,0
7.94,3,6622,-2.02,0
10.54,7,5397,-0.607,0
8.09,9,8861,3.258,1
2.23,1,2433,0.663,0
5.53,3,8427,1.848,0
0.5,2,8460,-0.702,0
2.61,7,2131,-0.452,0
5.99,2,8349,-0.853,0
9.23,3,8013,1.119,0
3.12,0,7082,0.108,0
6.67,3,4708,3.013,1
0.58,6,4276,-0.504,0
4.05,1,7713,2.086,0
6.41,4,3040,0.775,0
11.47,2,4872,-0.842,0
3.53,0,7215,-1.268,0
0.5,6,2753,-0.508,0
9.4,0,1402,0.404,0
8.45,0,7223,0.871,0
0.5,6,8629,-0.468,0
8.76,7,6309,-0.677,0
2.08,3,7709,-0.486,0
0.5,7,6570,-0.569,0
7.57,8,0,0.651,1
0.72,5,6383,0.954,0
3.5,0,4648,0.61,0
8.05,0,9081,-0.972,0
6.09,2,6546,1.338,0
1.32,1,6554,3.602,0
2.41,10,12013,-0.146,0
4.11,1,5795,-2.11,0
4.77,8,4166,-0.361,0
0.5,5,6793,0.096,0
4.35,3,7505,-0.043,0
5.94,4,9370,1.015,0
5.58,8,7260,1.957,1
6.82,0,9914,0.203,0
4.84,4,4965,0.341,0
3.22,7,5659,-0.574,0
2.23,4,6561,0.583,0
1.92,0,7876,2.227,0
1.92,8,6851,-0.011,0
3.81,0,8963,-1.163,0
2.66,6,351,-2.285,0
4.95,4,7454,-0.453,0
12.59,3,5307,-1.195,0
5.37,5,9610,-2.234,0
4.26,5,7761,0.01,0
6.63,1,10673,1.489,0
0.97,0,2859,1.017,0
1.15,3,7364,-0.099,0
5.78,0,7784,-0.92,0
4.03,4,6309,0.036,0
2.75,3,6006,-2.063,0
3.61,5,2167,1.735,1
8.81,0,10072,-0.215,0
6.26,2,8769,0.609,0
2.56,0,1619,0.282,0
6.72,5,5646,-1.735,0
2.95,7,4546,0.215,0
1.77,5,4626,1.57,0
7.32,2,5620,-0.827,0
0.74,1,6594,0.488,0
5.45,3,8799,0.095,0
7.11,0,0,0.426,0
0.73,3,5093,2.381,0
6.2,4,8510,0.553,0
3.63,7,2670,0.485,0
0.5,4,6578,2.515,0
0.5,2,8468,0.503,0
5.54,1,4227,1.868,0
4.85,5,5654,-1.775,0
7.8,5,12916,-1.523,0
7.47,0,6472,1.465,0
0.5,3,4310,-1.053,0
6.16,7,5600,0.308,0
5.34,4,2731,1.663,1
5.89,5,3580,-0.689,0
4.47,0,935,-0.901,0
6.57,2,2943,-1.222,0
3.63,2,12496,1.582,0
8.07,7,3003,-1.834,0
1.68,8,4358,-1.877,0
3.71,3,6805,0.376,0
2.52,6,4082,-0.234,0
7.06,2,4291,0.888,0
2.43,2,7667,3.081,0
6.82,5,7592,-1.61,0
5.35,3,6964,0.175,0
6.14,3,6175,-1.842,0
4.04,8,6956,-0.031,0
10.69,0,2671,2.569,1
5.14,3,2402,0.672,0
6.63,0,5579,-0.503,0
5.77,0,9755,1.374,0
3.91,3,5590,-1.167,0
3.67,3,10838,1.42,0
7.8,5,2648,-0.062,0
7.91,0,7909,3.484,1
8.19,8,6655,1.452,1
2.85,6,7963,0.435,0
8.95,2,5438,0.143,0
1.91,4,843,1.57,0
5.14,2,3496,-0.352,0
7.06,5,3883,-1.269,0
6.97,1,6179,0.186,0
5.94,6,2211,-2.867,0
3.3,9,12066,2.747,1
4.42,0,0,-0.921,0
4.41,7,8603,0.341,0
2.33,1,6762,1.046,0
6.18,0,7952,0.639,0
1.79,1,8065,-0.352,0
9.77,5,4540,-0.015,0
5.19,1,3262,1.052,0
7.54,5,10545,-0.813,0
10.02,1,2961,-2.64,0
3.66,2,7577,0.366,0
1.42,2,4885,-2.664,0
2.06,1,10300,0.287,0
6.99,0,9582,1.952,0
0.5,1,7487,0.967,0
2.96,3,4207,0.166,0
8.59,1,9002,-1.173,0
2.46,6,8765,1.277,0
1.05,2,8468,0.062,0
1.78,5,3855,2.692,1
9.63,5,10083,0.097,0
7.3,8,6736,-0.383,0
0.5,3,8470,1.418,0
6.51,2,69,-0.743,0
4.09,3,7855,2.979,0
5.37,3,5222,0.187,0
2.52,4,7352,0.315,0
6.37,5,684,0.955,1
2.99,0,2686,0.65,0
4.33,0,7434,-2.159,0
5.42,4,8656,2.673,1
0.91,3,5170,0.651,0
5.65,2,4677,-1.675,0
7.96,5,8753,-0.466,0
3.03,0,7076,-1.56,0
10.55,0,6820,2.35,1
6.8,4,3094,-2.073,0
7.31,8,4683,-1.709,0
0.5,1,5659,2.399,0
7.02,4,4799,-0.875,0
9.22,4,0,-1.01,0
2.43,2,7688,-0.161,0
4.77,7,3910,2.796,1
2.99,4,5156,0.185,0
6.33,5,3740,-1.684,0
12.51,2,8097,-2.411,0
4.16,3,7418,-4.084,0
5.5,0,6973,-1.554,0
2.43,3,2843,-0.713,0
1.42,0,9053,-1.944,0
4.46,6,4155,-1.238,0
5.68,7,2492,-0.225,0
0.5,2,6102,-1.282,0
3.63,0,6231,1.584,0
1.71,2,7507,1.818,0
0.52,3,6849,-0.153,0
0.5,5,10558,0.175,0
1.91,2,11309,1.365,0
6.92,5,4016,-0.301,0
4.77,5,10526,1.678,0
0.74,4,8210,0.928,0
3.11,12,2168,-1.625,0
5.7,10,3491,-0.399,1
8.23,3,4996,0.848,0
5.82,7,9874,0.461,0
5.88,4,7467,0.083,0
5.0,7,10548,-2.261,0
5.03,1,5067,0.604,0
7.01,3,259,-1.448,0
7.69,0,9562,0.782,0
8.95,3,0,0.646,1
8.82,6,4011,0.13,1
3.4,1,8866,-1.796,0
2.32,0,1529,0.22,0
8.48,3,1482,1.26,1
10.06,2,4564,0.773,0
9.87,2,2002,0.947,1
7.4,4,4325,1.492,1
6.58,1,6147,-2.028,0
7.06,3,4692,-0.049,0
5.12,6,7773,-0.235,0
7.29,5,4720,-0.187,0
4.56,5,4898,-0.586,0
10.91,6,3718,0.856,1
5.36,5,6412,1.784,1
6.04,3,9126,0.35,0
5.36,4,5719,0.014,0
3.24,1,3004,-2.088,0
2.36,3,6309,-0.407,0
0.5,8,9259,0.669,0
10.72,1,11662,-1.448,0
5.72,0,6044,0.579,0
4.54,6,6297,-0.784,0
3.3,6,4038,1.373,0
8.67,0,9398,3.091,1
5.76,5,9111,-0.413,0
5.55,0,6415,0.747,0
6.55,7,3675,-0.799,0
10.69,3,6600,-0.101,0
2.53,8,4416,-1.691,0
3.65,0,4046,-1.452,0
6.85,1,8663,2.098,0
7.34,3,6423,-2.287,0
4.6,1,8082,3.859,1
6.5,0,4916,0.184,0
5.26,1,6735,-1.864,0
2.17,5,2953,0.807,0
0.89,9,3677,-0.335,0
5.99,2,6430,0.863,0
7.88,6,5484,-0.22,0
12.05,6,3234,0.15,1
3.99,3,2311,-0.618,0
10.43,5,0,1.825,1
8.27,2,8151,-1.289,0
3.59,8,5184,-2.805,0
4.81,3,9595,0.022,0
3.74,7,6362,-1.125,0
8.46,4,6008,0.267,0
1.79,2,6010,-0.292,0
8.82,4,8564,0.014,0
8.17,5,6040,-0.02,0
2.14,5,5879,-0.753,0
8.32,0,4732,1.542,0
5.95,3,6753,0.269,0
0.5,2,10849,-0.989,0
4.05,2,5738,-0.875,0
6.46,4,8320,-1.576,0
3.98,3,7366,-1.19,0
7.75,7,3033,-0.736,0
3.4,11,4710,2.516,1
1.2,1,3940,-1.269,0
4.2,1,3541,1.738,0
8.67,6,7571,0.139,0
3.51,1,7088,-1.76,0
2.02,7,11701,0.59,0
8.32,3,1986,0.918,1
6.71,4,5272,1.443,0
2.04,1,2975,0.127,0
1.74,1,3882,-0.391,0
0.54,4,9741,0.203,0
9.62,8,8333,0.112,1
5.07,6,4824,-2.824,0
6.48,0,3113,0.0,0
4.71,0,6496,1.449,0
1.61,7,1319,3.176,1
3.77,4,323,-0.093,0
5.69,3,4310,-1.42,0
8.39,4,10622,-0.79,0
3.7,6,1131,-1.82,0
8.29,0,542,2.803,1
0.82,4,6207,-4.216,0
4.2,5,7062,1.355,0
3.84,6,3932,-2.116,0
1.11,0,9028,-2.272,0
5.82,3,5692,2.045,0
3.68,5,6112,-0.228,0
11.9,0,9867,0.985,0
3.56,8,455,-0.783,0
1.37,5,2660,0.65,0
4.44,2,7165,-0.403,0
1.73,12,4538,-3.326,0
2.47,0,8478,0.482,0
6.2,2,5161,-0.556,0
4.76,6,7008,0.75,0
6.5,6,6864,0.538,0
8.57,2,3432,-1.779,0
5.55,0,7386,-0.164,0
8.4,1,5390,1.683,0
9.15,1,6545,0.442,0
6.12,3,9844,-2.835,0
3.74,5,7371,2.029,0
8.59,3,9899,-1.071,0
7.79,9,9644,0.159,0
4.0,0,6931,-1.673,0
2.62,0,4618,-0.042,0
5.82,2,9207,-0.312,0
2.64,4,11890,0.503,0
3.91,0,5341,0.352,0
3.84,0,3448,2.182,0
9.3,1,8018,-1.768,0
9.21,4,8848,-2.573,0
7.03,3,8555,1.372,0
5.2,2,8339,-0.09,0
2.38,1,1568,-0.765,0
8.31,4,4410,1.207,1
2.5,4,5461,1.169,0
0.5,1,1085,-0.389,0
8.63,2,4467,1.308,0
8.21,3,8054,-1.615,0
9.13,10,7563,-3.126,0
3.33,5,4735,1.908,0
6.76,1,6096,-1.341,0
4.45,2,9524,3.174,0
0.71,0,5264,-2.278,0
5.14,6,10482,0.302,0
4.42,0,6078,0.107,0
6.92,1,4694,-2.217,0
0.5,0,1289,0.505,0
3.45,2,3046,-4.849,0
9.52,0,4762,-2.182,0
7.92,4,3520,-0.588,0
10.03,3,5454,-1.412,0
0.5,3,6976,1.649,0
0.5,0,4257,-0.005,0
4.56,3,7224,-1.355,0
7.8,5,5040,2.401,1
9.67,6,0,2.368,1
7.38,10,9712,2.368,1
7.64,8,11982,0.325,0
0.5,3,7169,0.112,0
1.26,0,3776,1.212,0
9.74,6,9172,-0.121,0
0.5,2,5223,-0.746,0
5.16,5,8559,-0.417,0
0.5,2,6131,1.834,0
3.3,5,6870,0.066,0
7.79,2,4274,-0.018,0
3.08,5,3860,0.339,0
4.7,4,4620,-0.509,0
5.29,4,5987,2.558,1
2.03,3,1279,0.558,0
1.65,3,4883,0.421,0
3.34,2,10307,0.427,0
3.32,3,10936,-0.353,0
2.93,1,4352,-0.892,0
1.16,0,3512,0.887,0
3.86,3,9810,1.943,0
4.15,2,3406,1.039,0
4.39,2,3559,-1.154,0
5.96,0,8984,-0.801,0
4.55,0,5962,-0.492,0
4.85,8,6533,-1.192,0
2.87,5,9896,0.423,0
7.07,5,10257,-2.924,0
7.0,6,1983,-1.329,0
2.45,1,4554,0.364,0
7.6,7,3486,-1.267,0
8.95,5,6248,0.71,1
4.91,5,4991,0.403,0
0.5,1,3968,-0.562,0
2.22,2,1456,0.823,0
4.75,0,3495,0.505,0
3.37,1,5776,0.515,0
0.69,5,3599,-0.027,0
4.89,2,2929,-0.429,0
9.88,0,11076,-0.39,0
5.11,0,3686,-0.754,0
1.86,3,4778,2.776,0
1.5,4,6743,-1.605,0
7.06,2,0,0.99,1
1.65,0,8063,-0.521,0
7.75,7,4065,1.19,1
2.73,10,3921,1.539,1
7.53,4,3988,-0.227,0
0.5,4,7048,0.2,0
0.5,0,3755,0.437,0
5.87,3,7905,-1.539,0
6.83,5,7132,-0.273,0
10.49,5,3094,0.372,1
7.26,2,9267,0.573,0
0.5,4,4781,0.806,0
7.83,4,10995,-0.268,0
6.87,6,5707,1.168,1
3.22,2,2062,0.362,0
5.98,7,8373,-0.427,0
1.47,5,9332,1.133,0
8.25,3,4600,-1.105,0
4.83,3,6620,-0.194,0
4.6,1,8824,0.115,0
4.48,1,2004,1.962,0
6.66,0,8289,1.384,0
5.37,8,6650,-2.125,0
6.1,4,4190,0.86,0
0.5,6,3365,-1.477,0
4.66,5,6491,-1.114,0
3.48,0,5325,1.613,0
4.99,6,10366,-0.882,0
4.44,10,10333,-2.509,0
6.16,4,8479,-1.117,0
2.48,1,4284,1.223,0
1.46,2,632,1.511,0
8.81,3,5106,0.68,0
9.42,5,3907,-2.428,0
1.65,4,4034,0.292,0
3.34,0,2468,2.344,0
7.67,9,7619,-0.645,0
8.97,3,6662,-0.064,0
0.5,8,7473,0.495,0
4.81,4,4208,0.925,0
1.08,4,7684,-0.298,0
6.11,1,3102,0.355,0
7.04,0,7566,-0.815,0
4.42,0,3445,1.449,0
5.1,2,5650,0.734,0
6.32,3,9278,1.456,0
6.24,4,7971,0.471,0
8.18,6,2945,-1.629,0
2.9,6,1271,0.592,0
6.09,7,6541,-2.015,0
2.12,0,4386,-0.274,0
1.5,8,2024,2.019,1
8.56,6,3918,0.514,1
1.17,6,5778,-0.614,0
1.33,0,2884,1.669,0
3.79,3,7966,2.709,0
8.98,1,172,3.539,1
11.81,4,2188,1.445,1
4.68,3,8683,0.502,0
1.44,3,7983,0.765,0
5.79,6,4914,0.268,0
0.5,2,8291,-0.586,0
3.6,0,9010,0.823,0
7.48,0,5518,-0.42,0
4.16,2,4961,1.274,0
0.5,9,7451,-0.063,0
7.72,0,4005,-0.182,0
9.1,3,7350,-0.884,0
6.46,9,8986,-0.122,0
7.03,5,7519,1.668,1
8.31,3,7925,-0.575,0
2.23,3,5771,-2.492,0
7.58,0,14144,2.253,0
4.22,4,6908,-0.884,0
5.58,3,5717,0.272,0
1.06,4,6490,0.193,0
4.35,7,4939,0.341,0
8.89,3,6643,-0.145,0
8.71,3,9850,-0.155,0
2.42,6,5085,0.931,0
0.5,4,4621,-1.595,0
3.34,2,5856,-2.051,0
5.95,8,6842,1.213,1
8.28,7,11610,-0.749,0
2.84,6,8124,1.164,0
10.67,4,7278,-1.471,0
11.41,2,5075,-0.52,0
3.07,1,4428,-2.049,0
2.64,9,8206,1.389,0
8.53,9,685,-1.845,1
2.59,2,5098,-0.67,0
5.66,4,3831,-3.263,0
2.02,2,5258,-1.695,0
3.53,0,5622,-1.61,0
2.45,0,5539,-1.3,0
7.72,5,5790,-1.196,0
6.14,6,6428,2.406,1
6.38,6,6400,1.013,0
2.61,2,7048,0.513,0
6.52,7,1725,-1.462,0
5.69,1,16133,0.774,0
4.77,2,4559,0.045,0
5.34,2,5180,2.016,0
9.15,4,1976,0.808,1
9.66,8,8203,2.134,1
5.16,5,3957,0.438,0
8.99,2,3415,0.146,0
4.32,5,4640,2.578,1
1.13,7,3705,-2.694,0
5.71,3,2671,-2.522,0
4.97,6,7754,0.085,0
6.44,3,1710,-2.131,0
4.39,3,8552,1.136,0
6.82,3,1858,0.618,0
6.58,0,3496,-1.037,0
5.36,1,5885,-0.316,0
4.52,1,4083,-1.62,0
6.14,5,3688,2.281,1
4.06,8,4073,-3.04,0
6.21,4,6103,-0.963,0
4.9,2,5092,1.262,0
5.55,5,5304,-0.513,0
1.54,2,0,-0.885,0
4.75,5,5193,0.522,0
0.5,3,961,-1.812,0
4.44,7,7113,0.027,0
4.94,1,4368,0.641,0
0.84,5,4834,1.238,0
7.88,0,4255,-1.283,0
0.5,0,13323,0.914,0
10.75,6,3774,-0.573,1
6.77,5,4267,-2.265,0
14.86,3,5022,0.17,1
4.27,4,9860,-0.187,0
1.51,3,4606,2.136,0
8.51,4,2163,-1.839,0
5.05,5,4876,-0.72,0
3.22,3,0,-1.652,0
3.12,7,3558,0.271,0
5.68,7,9787,-0.086,0
3.57,2,5276,-0.651,0
6.66,5,7775,1.889,1
10.59,4,9298,-0.527,0
8.56,7,9025,0.141,0
2.99,0,5879,2.3,0
4.07,6,8531,-0.426,0
8.95,0,2331,-1.373,0
2.54,5,6870,0.591,0
6.79,1,2345,0.594,0
3.11,0,8914,2.093,0
9.67,4,7877,2.055,1
3.08,7,6826,1.371,0
5.56,7,6670,-2.226,0
9.36,1,9759,-0.135,0
8.53,7,7290,0.763,1
6.27,0,6354,-1.674,0
5.51,0,2445,2.407,0
8.21,3,6554,-0.372,0
6.71,1,8981,-0.38,0
3.74,4,4226,0.493,0
3.39,5,9648,-1.079,0
4.61,5,4692,0.696,0
6.67,7,4182,-1.414,0
4.08,1,7693,-1.743,0
12.0,7,6037,1.301,1
0.5,11,4229,-0.181,0
0.5,5,2680,0.152,0
3.37,0,3586,0.339,0
1.16,1,7989,3.904,0
6.43,1,4898,0.047,0
3.95,6,6652,1.362,0
4.06,7,5500,-1.457,0
11.53,0,3783,-0.941,0
12.52,9,10481,-0.496,1
12.28,5,8931,0.27,0
4.85,3,5371,0.913,0
6.1,3,10528,-4.45,0
6.53,6,9440,-0.097,0
5.62,6,10473,-0.451,0
5.8,9,0,-1.035,0
9.4,7,7567,-0.673,0
2.35,2,10644,-0.943,0
5.3,1,8528,-0.808,0
4.71,0,1159,0.012,0
1.02,10,0,-1.2,0
5.05,2,2687,-1.437,0
2.03,3,11855,0.117,0
8.55,5,9341,-4.2,0
4.09,7,4284,2.644,1
9.45,2,4490,-1.52,0
3.11,0,7286,-2.184,0
6.81,5,1016,2.325,1
6.54,6,3724,0.934,1
8.38,3,12005,0.066,0
8.42,4,7756,-2.507,0
6.11,1,3460,2.616,1
4.36,0,4922,-1.951,0
9.3,1,7587,2.034,0
3.5,5,2909,3.669,1
7.81,3,3681,-0.171,0
3.98,9,2323,0.202,1
4.94,3,5674,-0.174,0
7.62,5,7256,-4.551,0
5.9,0,7938,2.212,0
2.22,3,4201,1.853,0
5.29,9,7241,0.364,0
5.2,6,786,0.128,0
4.79,6,5436,-1.558,0
5.02,0,224,1.091,0
6.74,5,9908,-0.998,0
0.71,3,4957,-1.263,0
4.76,2,491,-0.662,0
1.59,4,4031,1.667,0
9.81,6,1346,2.258,1
9.73,4,9968,-0.828,0
0.5,1,11187,-2.237,0
5.0,4,4461,-0.665,0
5.22,2,1733,0.323,0
8.22,6,3570,-1.877,0
4.15,8,7936,1.056,0
7.67,5,6361,0.993,0
3.36,0,8168,1.857,0
1.65,6,11042,-0.003,0
2.55,4,4348,-0.925,0
6.3,0,1668,0.029,0
4.93,5,11625,0.157,0
6.79,1,8303,-0.79,0
5.21,3,9098,-1.965,0
0.5,3,7405,0.228,0
8.7,5,4308,-3.488,0
4.29,7,4823,0.042,0
6.26,0,7869,2.456,0
4.48,0,5800,-3.337,0
6.01,5,11026,-0.291,0
6.23,1,4930,-2.288,0
4.42,3,6897,-0.935,0
5.25,2,5005,0.121,0
5.12,6,5638,-0.525,0
4.46,1,4920,3.047,1
2.26,3,4837,-0.371,0
4.01,4,869,1.556,1
6.9,0,0,-1.466,0
4.27,11,7629,-2.711,0
2.93,3,6761,-1.972,0
4.6,1,2688,0.389,0
7.32,6,7723,-0.746,0
7.14,4,6401,-0.918,0
3.51,4,13319,0.452,0
3.17,1,4524,3.266,0
3.8,6,4872,0.392,0
7.38,2,4076,2.488,1
7.95,6,8361,0.689,0
11.05,4,7731,-2.176,0
2.53,0,9822,-3.829,0
3.79,0,3506,-0.736,0
9.15,5,3500,1.599,1
5.05,4,2391,-1.485,0
2.52,4,6233,2.316,0
6.16,0,6787,-2.175,0
2.1,1,4009,-2.063,0
5.61,0,7070,3.355,0
1.01,3,0,-0.451,0
6.93,6,6232,1.334,1
12.64,9,4432,-2.177,1
3.78,1,7354,-1.772,0
4.78,6,5697,-1.419,0
8.52,0,5016,-0.062,0
5.05,4,7831,-0.053,0
3.9,2,4165,1.181,0
3.06,6,6056,-0.782,0
6.86,1,7914,0.319,0
3.21,5,7639,1.736,0
7.9,5,2617,3.673,1
0.79,6,7293,-1.761,0
4.63,3,9916,-1.07,0
4.21,0,11204,-1.606,0
5.98,3,5705,1.215,0
10.01,4,7965,0.493,0
8.05,2,9226,1.666,0
8.25,2,5494,0.359,0
0.89,8,5963,0.426,0
3.27,0,4187,0.329,0
7.02,4,7040,-0.506,0
6.49,8,8114,1.214,1
5.88,0,2866,0.682,0
4.97,5,11029,1.089,0
8.78,4,3578,-0.087,0
2.59,8,8371,0.781,0
8.71,0,7764,-1.966,0
4.98,3,7985,0.342,0
9.04,2,8127,0.243,0
0.5,1,5550,1.668,0
6.39,0,5579,3.027,1
5.33,3,7475,1.145,0
3.63,5,5013,1.079,0
5.51,5,3722,-1.232,0
7.84,3,6855,-0.46,0
7.7,2,5593,1.179,0
8.52,2,11879,0.47,0
1.87,5,4851,0.651,0
4.87,4,3265,1.485,0
1.53,0,7102,2.404,0
3.94,6,9220,1.222,0
4.07,0,0,-0.394,0
8.53,0,8100,-1.425,0
5.32,6,4021,0.256,0
3.75,6,6705,0.085,0
9.68,5,3928,-0.129,0
4.77,4,13573,0.556,0
0.5,2,202,-0.495,0
0.5,1,1437,0.576,0
5.0,4,5686,-2.091,0
6.54,9,7227,-0.639,0
0.72,1,7359,1.61,0
5.78,6,8123,0.76,0
3.02,4,3454,0.026,0
5.99,9,2070,0.722,1
9.44,6,8498,0.882,1
8.9,0,1842,-0.01,0
0.5,7,9662,-0.65,0
3.89,3,6156,0.191,0
6.67,3,8829,0.669,0
3.18,8,1925,-0.138,0
7.9,1,6928,0.815,0
2.42,3,5530,-0.828,0
11.91,1,9014,-0.589,0
1.74,4,7947,1.381,0
9.69,12,6751,-0.995,1
6.36,3,8777,-1.946,0
12.11,6,947,-1.064,1
7.45,7,2183,1.07,1
0.5,3,9336,-0.827,0
0.5,4,4185,0.944,0
2.34,1,0,0.255,0
4.52,0,6581,1.541,0
4.35,4,6819,-1.806,0
11.17,2,7968,1.154,0
4.58,5,6737,-2.126,0
4.0,2,4614,-1.956,0
8.38,8,8934,1.906,1
3.97,2,3664,0.966,0
5.68,3,9885,0.607,0
2.48,1,8045,1.563,0
6.66,9,10905,0.662,0
2.48,0,4837,1.13,0
10.48,5,9506,-0.368,0
6.87,6,61,-0.62,0
7.85,4,2410,-3.645,0
3.9,3,3348,0.215,0
6.52,6,0,-1.971,0
4.09,5,7467,0.708,0
3.85,3,3815,1.152,0
2.24,6,6623,-0.068,0
3.03,0,4057,-0.495,0
0.5,3,8773,0.851,0
3.51,4,4331,0.223,0
9.62,6,7562,-0.739,0
7.25,0,5242,0.876,0
7.22,6,6884,-0.294,0
6.61,1,3465,0.093,0
5.52,0,7365,1.159,0
4.77,11,3951,-0.542,1
3.81,3,5013,-2.11,0
3.36,3,9685,3.303,0
9.01,1,3912,-0.239,0
10.35,3,2017,-0.752,0
7.27,6,5399,1.025,1
0.5,4,8582,-1.249,0
2.49,0,10769,-1.08,0
5.72,5,10536,-0.231,0
3.38,4,9852,-0.255,0
2.14,0,2336,1.297,0
4.04,2,3852,0.128,0
4.28,3,10047,2.307,0
0.5,4,3669,-0.372,0
5.93,3,6691,1.009,0
5.88,2,4112,-2.16,0
2.44,9,3623,-1.79,0
5.96,3,5413,2.114,1
6.65,2,4726,-0.754,0
7.62,3,620,-0.072,0
0.5,10,3102,-0.243,0
5.77,3,5129,0.633,0
9.58,6,10435,-1.57,0
5.95,4,7053,2.064,1
4.34,2,7601,-2.667,0
4.29,3,3238,1.586,0
1.81,3,6879,2.03,0
4.97,6,8101,0.185,0
1.73,0,6319,-0.814,0
7.76,6,5446,-1.737,0
6.53,0,3724,-1.469,0
4.58,7,5984,-0.665,0
0.5,5,3658,0.176,0
3.94,6,5528,-0.088,0
6.46,10,8665,-0.133,0
5.01,2,3150,-0.829,0
2.68,5,2786,2.0,1
7.26,4,6000,-0.836,0
5.81,7,3890,-2.3,0
7.11,4,2639,-1.1,0
2.42,1,5028,-0.4,0
3.05,1,5313,0.252,0
4.05,7,7524,-2.386,0
6.57,5,4695,-2.243,0
5.02,3,2635,-2.177,0
4.74,3,4748,-0.125,0
1.69,2,7599,-0.525,0
0.5,2,2789,0.401,0
5.96,0,8277,-1.668,0
9.68,3,2260,-1.713,0
6.04,2,5710,2.419,1
2.9,4,10259,0.406,0
0.5,5,2510,2.11,0
2.53,12,10402,-1.195,0
5.06,6,8350,0.664,0
8.76,3,4899,-0.52,0
7.58,5,6873,1.193,0
0.5,4,6655,2.503,0
0.5,8,6226,0.733,0
10.03,5,7201,0.363,0
3.55,3,3853,-0.067,0
0.5,5,5634,-0.504,0
5.66,0,11787,-0.154,0
4.56,1,6071,2.08,0
8.11,6,7639,-0.538,0
0.65,3,5292,1.573,0
5.93,8,9592,-0.685,0
0.5,8,10078,-2.049,0
9.53,5,6482,2.422,1
9.03,5,7419,0.925,1
3.8,3,3293,-0.5,0
3.9,2,6410,-0.486,0
6.51,0,5659,0.197,0
4.07,3,1244,0.535,0
6.94,5,9116,0.302,0
6.44,4,8062,-2.366,0
2.32,8,0,-0.21,0
8.52,3,4784,0.194,0
3.94,4,3949,1.663,0
9.27,3,1840,-0.786,0
4.45,5,2975,-1.154,0
6.53,6,4135,-2.0,0
14.85,6,5198,1.304,1
4.63,6,6478,0.137,0
4.66,0,11814,-1.412,0
0.92,3,3115,-0.078,0
7.06,6,8444,-0.458,0
5.15,5,726,0.856,1
0.63,10,4786,-0.277,0
2.69,2,12822,1.411,0
0.5,8,9579,-0.422,0
5.92,3,11917,-1.194,0
5.44,2,1700,3.287,1
1.46,4,777,-0.599,0
6.27,1,7760,-0.404,0
8.48,8,4239,0.115,1
5.55,5,6043,0.285,0
4.27,4,9893,0.969,0
7.1,6,5538,0.478,0
1.74,7,0,-0.131,0
8.42,0,7199,-1.021,0
3.89,6,6594,-3.052,0
2.07,6,7346,2.622,1
10.05,2,13509,0.037,0
2.11,2,0,2.411,1
9.78,0,5316,0.143,0
2.12,0,5368,-0.482,0
3.83,4,10288,-0.455,0
5.51,6,7662,-0.922,0
5.29,5,2614,1.895,1
9.29,1,6581,0.963,0
3.36,5,6489,-2.202,0
6.38,0,8817,-1.007,0
4.52,8,7489,-1.619,0
1.96,2,7183,0.537,0
2.47,0,6844,-0.273,0
11.47,4,11442,-1.756,0
0.5,0,9567,2.634,0
2.65,2,2493,-2.717,0
7.16,4,6031,-2.1,0
9.92,2,7600,-2.182,0
4.43,4,6981,0.232,0
6.48,0,6592,0.171,0
5.7,4,2180,-1.977,0
0.5,6,8482,1.265,0
5.92,0,2919,0.256,0
5.41,3,7106,0.017,0
5.36,2,8946,-0.646,0
1.01,1,4954,1.491,0
4.87,3,2254,1.178,0
3.04,3,10440,0.763,0
0.5,0,5807,-1.819,0
6.95,4,6496,-1.06,0
10.22,12,5164,0.53,1
5.29,3,3503,-1.627,0
1.59,5,4440,-3.867,0
6.33,3,10040,0.56,0
0.56,0,3841,-0.938,0
7.83,3,9401,-1.987,0
7.9,6,0,1.984,1
5.28,5,3405,1.913,1
1.44,6,8461,-1.461,0
10.95,4,7961,-2.291,0
11.35,0,9074,-1.492,0
3.14,6,9082,-1.907,0
8.27,7,3186,2.398,1
0.63,2,7437,-1.28,0
5.79,4,5438,1.249,0
4.31,4,9439,1.186,0
7.36,0,7574,-1.318,0
1.16,3,3287,1.186,0
7.44,0,3515,-2.19,0
3.61,5,5273,-0.885,0
8.9,0,9710,-0.816,0
4.77,2,10628,-1.846,0
5.04,5,1166,-1.38,0
4.56,1,3553,-0.525,0
6.95,2,9235,-1.497,0
1.24,9,4026,-1.966,0
0.5,7,4976,-0.381,0
4.52,7,5461,3.516,1
5.4,7,8415,-0.055,0
3.24,4,7530,-0.859,0
5.5,7,12209,1.282,0
10.59,2,8105,2.008,1
2.31,2,11213,-1.463,0
0.98,8,9590,0.648,0
4.86,2,6845,2.37,0
5.72,10,3306,-0.03,1
3.88,0,5540,0.626,0
6.57,10,7393,1.725,1
5.2,9,13195,0.797,0
2.02,2,6845,0.685,0
7.1,5,6020,-0.954,0
6.2,9,9059,0.802,1
8.09,2,4475,-1.122,0
4.62,2,9624,-0.713,0
2.59,9,4645,0.23,0
6.35,0,9706,0.956,0
9.68,1,6297,0.059,0
5.79,0,6332,-2.14,0
6.08,0,445,1.228,0
3.36,1,9812,0.491,0
7.62,3,14038,-0.907,0
10.23,3,1036,0.724,1
5.94,0,3233,-0.037,0
6.05,0,9159,-0.742,0
1.0,6,5929,1.824,0
6.31,3,5541,0.724,0
3.76,1,7829,-0.217,0
5.1,7,5658,0.023,0
3.2,5,7049,1.351,0
3.26,2,8376,0.378,0
2.28,7,904,1.176,1
1.2,9,1366,1.728,1
4.76,2,6556,0.948,0
2.29,1,7948,-2.561,0
3.25,13,3095,1.722,1
3.24,5,7963,1.693,0
4.4,9,4231,0.351,1
5.74,0,5142,0.242,0
3.7,11,3484,1.769,1
7.57,3,3404,-1.152,0
3.45,0,2989,-2.224,0
9.04,5,8357,0.883,0
5.5,8,4167,0.16,0
7.24,0,15289,0.043,0
5.43,7,8744,0.057,0
5.39,0,4330,0.776,0
6.33,7,5638,-2.081,0
8.17,8,8694,-0.245,0
8.13,14,6345,-1.968,1
3.24,5,1185,0.254,0
6.14,8,9930,1.297,1
0.5,6,8116,0.384,0
0.5,1,2499,-3.023,0
4.99,1,13875,-0.253,0
8.88,0,4409,0.145,0
2.28,2,5346,-0.351,0
10.57,5,7438,0.809,1
6.84,3,5037,0.25,0
8.47,7,5278,1.152,1
4.42,4,4579,-0.272,0
9.02,4,6405,-2.171,0
4.07,3,3512,0.032,0
3.71,4,6364,-1.434,0
3.8,4,9552,0.385,0
3.01,5,11122,1.375,0
6.64,6,10319,1.613,0
6.7,7,2755,-2.253,0
5.47,4,4368,1.239,0
0.5,2,4545,-2.454,0
9.48,0,4234,1.362,0
6.94,0,8047,0.435,0
12.0,5,5576,-1.285,0
2.77,1,10113,0.027,0
6.7,8,0,1.918,1
5.17,5,3514,-1.133,0
6.47,11,9009,1.898,1
4.42,2,3657,-0.732,0
0.5,1,4318,-0.263,0
5.4,5,5955,-0.872,0
0.5,2,3082,0.699,0
7.73,6,8270,-0.2,0
3.43,1,1477,1.488,0
4.48,0,3520,-1.3,0
5.13,7,4956,-3.379,0
4.43,3,5325,-0.941,0
5.65,4,5925,0.619,0
3.71,2,10140,0.839,0
7.48,7,7577,1.393,1
0.5,4,5451,2.517,0
7.78,2,7118,0.252,0
6.36,0,7080,-0.342,0
5.85,1,4244,1.761,0
1.85,1,5845,-1.158,0
2.34,4,1484,-1.512,0
11.16,5,3760,0.627,1
6.7,6,5618,1.465,1
0.5,0,6491,0.494,0
2.26,4,4128,-0.415,0
8.07,6,3008,-1.586,0
3.77,3,4026,1.561,0
6.04,5,2200,1.751,1
0.5,6,8802,-0.649,0
8.82,3,6187,0.509,0
14.56,8,8103,-1.369,1
5.43,1,8466,0.211,0
1.63,4,3451,0.227,0
2.42,4,8251,-0.08,0
3.83,4,8091,-1.661,0
5.78,7,7720,0.087,0
6.92,5,8260,-3.036,0
0.5,7,1484,0.602,0
3.94,1,7048,0.302,0
11.33,2,10320,0.529,0
3.02,6,7697,0.054,0
5.8,2,3522,1.139,0
4.33,3,6839,0.398,0
0.71,7,6363,-0.304,0
6.29,4,8301,0.807,0
7.15,8,8650,-0.241,0
1.63,9,5286,-0.71,0
0.5,5,6446,-2.273,0
6.36,2,14070,-0.854,0
3.69,1,9833,-0.559,0
2.83,6,1858,0.938,0
10.34,5,7913,1.305,1
10.13,7,7319,1.356,1
2.34,6,2983,-0.551,0
0.5,5,4068,1.667,0
6.17,7,2749,1.558,1
11.32,6,8371,0.254,1
3.43,6,1481,-0.627,0
0.5,1,7926,0.758,0
5.15,4,342,-0.559,0
2.96,2,7798,-1.291,0
3.19,0,5117,-1.632,0
5.24,1,6313,-0.217,0
10.02,5,481,-1.897,0
5.17,1,0,2.024,1
7.16,5,4178,0.642,0
2.89,4,3238,2.274,1
0.5,7,6116,-0.734,0
